,datetime,tempmax,tempmin,temp,feelslikemax,feelslikemin,humidity,precip,precipprob,precipcover,preciptype,sealevelpressure,cloudcover,moonphase
0,2023-05-01,27.9,14.2,20.1,27.0,14.2,51.3,0.0,0.0,0.0,no_rain,1016.4,0.2,0.36
1,2023-05-02,28.6,15.0,21.2,27.6,15.0,56.6,0.0,0.0,0.0,no_rain,1017.3,0.0,0.39
2,2023-05-03,29.7,16.5,22.6,28.2,16.5,54.3,0.0,0.0,0.0,no_rain,1018.2,0.0,0.42
3,2023-05-04,31.7,17.0,23.5,30.4,17.0,57.8,0.0,0.0,0.0,no_rain,1013.9,11.8,0.46
4,2023-05-05,30.4,19.8,24.1,28.8,19.8,51.3,0.0,0.0,0.0,no_rain,1007.7,5.2,0.5
5,2023-05-06,29.0,17.9,22.1,28.0,17.9,63.4,0.3,100.0,12.5,rain,1011.1,27.0,0.52
6,2023-05-07,25.7,17.4,21.1,25.7,17.4,64.8,0.2,100.0,8.33,rain,1014.0,41.0,0.56
7,2023-05-08,26.3,16.0,20.3,26.3,16.0,66.3,0.0,0.0,0.0,no_rain,1015.0,39.2,0.59
8,2023-05-09,28.9,16.6,21.4,28.1,16.6,65.4,0.0,0.0,0.0,no_rain,1013.7,23.8,0.63
9,2023-05-10,30.6,17.4,22.2,29.4,17.4,66.7,0.0,0.0,0.0,no_rain,1011.4,35.4,0.67
10,2023-05-11,31.0,17.4,22.5,30.4,17.4,71.7,0.6,100.0,12.5,rain,1008.1,49.0,0.7
11,2023-05-12,29.2,18.8,22.5,28.5,18.8,66.3,0.0,0.0,0.0,no_rain,1013.1,5.9,0.75
12,2023-05-13,29.2,17.5,21.7,28.2,17.5,65.6,0.0,0.0,0.0,no_rain,1018.6,19.5,0.77
13,2023-05-14,29.8,18.3,22.7,28.9,18.3,61.9,0.0,0.0,0.0,no_rain,1017.2,60.3,0.81
14,2023-05-15,31.6,17.7,23.6,30.6,17.7,64.9,0.0,0.0,0.0,no_rain,1012.2,28.8,0.85
15,2023-05-16,33.4,19.1,24.4,32.1,19.1,65.5,0.0,0.0,0.0,no_rain,1008.5,15.3,0.88
16,2023-05-17,34.2,18.9,25.5,33.0,18.9,59.8,0.0,0.0,0.0,no_rain,1008.4,1.6,0.92
17,2023-05-18,28.2,20.0,22.8,27.6,20.0,60.9,0.0,0.0,0.0,no_rain,1013.5,37.5,0.95
18,2023-05-19,28.5,19.4,22.7,27.7,19.4,55.6,0.0,0.0,0.0,no_rain,1013.7,35.2,0.0
19,2023-05-20,29.2,17.6,22.9,28.2,17.6,60.0,0.0,0.0,0.0,no_rain,1012.0,17.3,0.02
20,2023-05-21,33.6,18.4,25.8,32.0,18.4,51.1,0.0,0.0,0.0,no_rain,1007.1,37.7,0.06
21,2023-05-22,30.6,21.2,25.8,29.8,21.2,48.4,0.0,0.0,0.0,no_rain,1006.5,7.8,0.09
22,2023-05-23,33.3,18.6,24.7,31.7,18.6,62.9,0.1,100.0,4.17,rain,1010.6,9.3,0.12
23,2023-05-24,31.3,19.7,24.0,30.2,19.7,66.8,0.0,0.0,0.0,no_rain,1011.1,17.4,0.15
24,2023-05-25,31.9,19.8,24.0,31.2,19.8,65.4,0.0,0.0,0.0,no_rain,1012.4,28.0,0.18
25,2023-05-26,32.4,18.8,24.3,31.7,18.8,62.0,0.0,0.0,0.0,no_rain,1010.3,68.2,0.22
26,2023-05-27,36.1,22.6,28.5,34.3,22.6,36.0,0.2,100.0,4.17,rain,1004.3,56.4,0.25
27,2023-05-28,31.3,21.6,25.7,30.4,21.6,52.8,0.0,0.0,0.0,no_rain,1005.1,25.9,0.28
28,2023-05-29,31.2,20.0,24.4,30.3,20.0,64.7,0.2,100.0,4.17,rain,1010.2,22.2,0.31
29,2023-05-30,32.3,19.1,24.6,31.0,19.1,64.0,0.0,0.0,0.0,no_rain,1013.7,20.4,0.35
30,2023-05-31,35.1,19.9,26.5,33.9,19.9,58.5,0.0,0.0,0.0,no_rain,1013.1,13.6,0.38
31,2023-06-01,36.3,23.5,28.2,35.3,23.5,44.1,0.1,100.0,4.17,rain,1010.1,70.6,0.41
32,2023-06-02,39.3,25.9,31.4,38.4,25.9,34.9,0.2,100.0,8.33,rain,1007.4,19.3,0.44
33,2023-06-03,32.0,21.5,25.7,32.2,21.5,63.4,0.0,0.0,0.0,no_rain,1013.7,14.9,0.47
34,2023-06-04,31.2,19.8,24.2,31.2,19.8,67.0,0.0,0.0,0.0,no_rain,1015.5,36.3,0.5
35,2023-06-05,31.3,18.6,23.9,30.7,18.6,64.0,0.0,0.0,0.0,no_rain,1013.7,10.7,0.54
36,2023-06-06,31.2,19.2,24.2,31.3,19.2,66.6,0.0,0.0,0.0,no_rain,1012.3,28.4,0.58
37,2023-06-07,33.9,20.0,25.8,33.6,20.0,65.5,0.0,0.0,0.0,no_rain,1010.7,33.6,0.61
38,2023-06-08,37.2,22.7,28.1,36.1,22.7,59.7,0.2,100.0,4.17,rain,1008.2,82.9,0.65
39,2023-06-09,36.2,23.4,27.8,38.5,23.4,60.9,0.0,0.0,0.0,no_rain,1005.6,21.5,0.69
40,2023-06-10,32.0,22.6,26.2,32.3,22.6,64.0,0.0,0.0,0.0,no_rain,1008.3,2.6,0.75
41,2023-06-11,33.1,20.4,26.1,32.9,20.4,63.4,0.0,0.0,0.0,no_rain,1008.8,1.5,0.76
42,2023-06-12,33.2,20.4,26.1,33.2,20.4,63.6,0.0,0.0,0.0,no_rain,1007.8,12.1,0.79
43,2023-06-13,32.6,21.4,25.0,33.4,21.4,70.4,0.5,100.0,20.83,rain,1006.8,31.1,0.83
44,2023-06-14,31.8,21.5,25.9,32.2,21.5,66.1,0.0,0.0,0.0,no_rain,1009.8,15.5,0.86
45,2023-06-15,32.4,21.9,26.2,33.2,21.9,65.3,0.0,0.0,0.0,no_rain,1012.0,10.7,0.9
46,2023-06-16,37.0,20.3,28.1,39.8,20.3,59.6,0.0,0.0,0.0,no_rain,1009.2,0.9,0.94
47,2023-06-17,33.0,23.1,27.4,33.6,23.1,58.3,0.0,0.0,0.0,no_rain,1008.1,9.4,0.97
48,2023-06-18,32.3,21.2,25.8,32.5,21.2,64.1,0.0,0.0,0.0,no_rain,1011.7,5.3,0.0
49,2023-06-19,31.4,20.8,25.5,31.6,20.8,62.9,0.0,0.0,0.0,no_rain,1012.3,25.7,0.04
50,2023-06-20,31.2,23.1,26.3,31.6,23.1,65.9,0.0,0.0,0.0,no_rain,1012.0,15.6,0.07
51,2023-06-21,33.7,22.3,26.8,34.2,22.3,70.3,0.0,0.0,0.0,no_rain,1010.7,14.2,0.1
52,2023-06-22,33.6,22.2,26.8,34.1,22.2,68.7,0.0,0.0,0.0,no_rain,1010.0,11.5,0.14
53,2023-06-23,34.4,22.0,27.4,34.3,22.0,63.6,0.0,0.0,0.0,no_rain,1010.0,0.0,0.17
54,2023-06-24,34.8,21.6,27.7,34.7,21.6,63.0,0.0,0.0,0.0,no_rain,1010.5,0.0,0.2
55,2023-06-25,34.8,22.5,27.7,35.0,22.5,63.1,0.0,0.0,0.0,no_rain,1010.0,0.1,0.23
56,2023-06-26,34.7,21.4,27.4,34.6,21.4,62.6,0.0,0.0,0.0,no_rain,1008.5,0.0,0.25
57,2023-06-27,34.3,22.5,27.5,35.4,22.5,66.4,0.0,0.0,0.0,no_rain,1008.4,17.2,0.3
58,2023-06-28,34.2,22.4,27.5,36.3,22.4,69.0,0.0,0.0,0.0,no_rain,1010.0,15.4,0.33
59,2023-06-29,33.9,22.6,27.6,34.0,22.6,64.2,0.0,0.0,0.0,no_rain,1011.6,0.3,0.37
60,2023-06-30,34.4,22.4,27.4,35.4,22.4,69.7,0.0,0.0,0.0,no_rain,1010.3,10.1,0.4
61,2023-07-01,33.6,23.1,27.9,33.9,23.1,60.7,0.0,0.0,0.0,no_rain,1009.3,0.8,0.43
62,2023-07-02,34.3,22.7,28.0,34.4,22.7,59.5,0.0,0.0,0.0,no_rain,1010.7,0.5,0.46
63,2023-07-03,36.8,21.5,28.6,38.7,21.5,61.5,0.0,0.0,0.0,no_rain,1010.8,0.0,0.5
64,2023-07-04,35.6,23.4,28.2,39.1,23.4,65.6,0.0,0.0,0.0,no_rain,1010.0,1.7,0.53
65,2023-07-05,33.5,22.3,27.3,35.6,22.3,68.2,0.0,0.0,0.0,no_rain,1009.2,11.0,0.57
66,2023-07-06,33.8,24.2,28.2,35.6,24.2,65.6,0.0,0.0,0.0,no_rain,1008.1,6.4,0.6
67,2023-07-07,34.1,24.0,28.2,37.2,24.0,71.4,0.0,0.0,0.0,no_rain,1009.0,9.5,0.64
68,2023-07-08,35.1,24.5,29.0,37.2,24.5,67.0,0.0,0.0,0.0,no_rain,1008.4,2.7,0.67
69,2023-07-09,33.6,25.0,28.5,36.3,25.0,65.6,0.0,0.0,0.0,no_rain,1008.1,0.7,0.71
70,2023-07-10,34.6,23.5,28.3,35.9,23.5,66.7,0.0,0.0,0.0,no_rain,1008.1,1.3,0.75
71,2023-07-11,34.6,25.1,29.2,36.4,25.1,65.0,0.0,0.0,0.0,no_rain,1009.7,2.5,0.78
72,2023-07-12,34.8,25.1,29.1,35.5,25.1,65.6,0.0,0.0,0.0,no_rain,1011.8,0.4,0.81
73,2023-07-13,35.0,23.2,28.7,36.6,23.2,63.6,0.0,0.0,0.0,no_rain,1011.5,0.0,0.85
74,2023-07-14,36.6,22.7,28.9,38.6,22.7,65.4,0.0,0.0,0.0,no_rain,1009.3,0.3,0.88
75,2023-07-15,37.4,23.0,29.2,38.4,23.0,67.4,0.0,0.0,0.0,no_rain,1007.6,23.2,0.92
76,2023-07-16,38.9,23.5,30.2,42.6,23.5,68.5,0.0,0.0,0.0,no_rain,1006.2,0.0,0.95
77,2023-07-17,38.4,24.0,30.2,44.7,24.0,73.4,0.0,0.0,0.0,no_rain,1006.5,15.1,0.0
78,2023-07-18,37.7,23.7,29.7,41.3,23.7,69.5,0.0,0.0,0.0,no_rain,1005.6,2.6,0.02
79,2023-07-19,36.9,24.4,29.4,39.9,24.4,71.0,0.0,0.0,0.0,no_rain,1004.6,25.2,0.05
80,2023-07-20,36.6,23.7,29.3,38.6,23.7,69.4,0.0,0.0,0.0,no_rain,1005.6,0.3,0.09
81,2023-07-21,36.7,22.2,28.7,39.9,22.2,69.6,0.0,0.0,0.0,no_rain,1008.3,9.4,0.12
82,2023-07-22,37.6,23.9,30.0,42.9,23.9,71.7,0.0,0.0,0.0,no_rain,1009.4,0.4,0.15
83,2023-07-23,38.0,25.6,31.1,42.9,25.6,68.1,0.0,0.0,0.0,no_rain,1007.9,5.8,0.19
84,2023-07-24,38.5,25.3,30.9,44.9,25.3,70.3,0.0,0.0,0.0,no_rain,1005.0,0.0,0.22
85,2023-07-25,37.9,25.4,31.0,44.2,25.4,65.7,0.0,0.0,0.0,no_rain,1003.0,0.0,0.25
86,2023-07-26,38.1,25.6,31.2,46.1,25.6,66.3,0.0,0.0,0.0,no_rain,1004.9,0.0,0.25
87,2023-07-27,38.5,24.2,30.7,40.9,24.2,62.1,0.0,0.0,0.0,no_rain,1006.5,0.0,0.32
88,2023-07-28,38.3,22.6,29.5,43.7,22.6,65.2,0.0,0.0,0.0,no_rain,1007.7,2.0,0.35
89,2023-07-29,34.4,24.2,28.8,36.4,24.2,66.4,0.0,0.0,0.0,no_rain,1007.7,0.4,0.39
90,2023-07-30,34.7,24.9,28.9,37.4,24.9,64.1,0.0,0.0,0.0,no_rain,1006.0,2.1,0.42
91,2023-07-31,35.1,24.5,28.9,37.9,24.5,66.1,0.0,0.0,0.0,no_rain,1004.6,6.8,0.45
92,2023-08-01,35.4,23.9,29.0,38.2,23.9,66.9,0.0,0.0,0.0,no_rain,1005.9,0.0,0.5
93,2023-08-02,36.0,23.4,28.9,38.4,23.4,66.6,0.0,0.0,0.0,no_rain,1008.7,0.0,0.52
94,2023-08-03,35.1,23.0,28.5,37.8,23.0,67.7,0.0,0.0,0.0,no_rain,1010.5,0.5,0.55
95,2023-08-04,35.9,23.0,28.9,37.6,23.0,64.5,0.0,0.0,0.0,no_rain,1010.1,0.1,0.59
96,2023-08-05,37.3,22.2,29.2,38.3,22.2,60.0,0.0,0.0,0.0,no_rain,1009.0,1.8,0.62
97,2023-08-06,40.6,24.1,31.3,43.6,24.1,53.1,0.0,0.0,0.0,no_rain,1008.4,0.0,0.66
98,2023-08-07,37.3,25.4,30.4,40.8,25.4,63.2,0.0,0.0,0.0,no_rain,1008.5,0.0,0.69
99,2023-08-08,34.5,24.6,28.9,37.4,24.6,67.4,0.0,0.0,0.0,no_rain,1007.4,11.6,0.75
100,2023-08-09,34.7,24.8,29.0,37.6,24.8,60.7,0.0,0.0,0.0,no_rain,1008.4,15.9,0.76
101,2023-08-10,34.3,25.6,28.9,36.6,25.6,65.9,0.0,0.0,0.0,no_rain,1011.2,17.9,0.79
102,2023-08-11,32.5,26.0,28.5,34.1,26.0,61.3,0.0,0.0,0.0,no_rain,1011.7,37.7,0.83
103,2023-08-12,33.2,25.8,28.6,35.2,25.8,63.1,0.0,0.0,0.0,no_rain,1009.5,33.6,0.86
104,2023-08-13,33.1,25.7,28.6,36.3,25.7,67.6,0.0,0.0,0.0,no_rain,1008.9,24.9,0.9
105,2023-08-14,33.7,25.6,28.6,36.4,25.6,69.2,0.0,0.0,0.0,no_rain,1010.9,12.4,0.93
106,2023-08-15,33.8,25.8,28.6,35.7,25.8,68.0,0.0,0.0,0.0,no_rain,1011.9,17.1,0.96
107,2023-08-16,33.6,25.3,28.6,36.3,25.3,66.0,0.0,0.0,0.0,no_rain,1009.5,15.2,0.0
108,2023-08-17,34.4,25.6,28.8,38.2,25.6,65.5,0.0,0.0,0.0,no_rain,1008.4,18.5,0.03
109,2023-08-18,34.6,25.0,28.7,38.2,25.0,66.1,0.0,0.0,0.0,no_rain,1009.0,26.3,0.07
110,2023-08-19,34.0,25.0,28.7,37.0,25.0,64.9,0.0,0.0,0.0,no_rain,1009.8,14.4,0.1
111,2023-08-20,33.3,23.7,28.2,35.1,23.7,63.2,0.0,0.0,0.0,no_rain,1009.2,28.5,0.14
112,2023-08-21,33.5,25.8,29.0,35.5,25.8,62.1,0.0,0.0,0.0,no_rain,1009.1,30.1,0.17
113,2023-08-22,33.6,25.2,28.6,35.3,25.2,62.9,0.0,0.0,0.0,no_rain,1009.3,14.2,0.2
114,2023-08-23,34.2,23.8,28.2,36.5,23.8,66.3,0.0,0.0,0.0,no_rain,1010.3,5.3,0.24
115,2023-08-24,34.9,23.5,28.2,36.5,23.5,67.4,0.0,0.0,0.0,no_rain,1011.0,10.7,0.25
116,2023-08-25,35.4,23.5,28.8,38.6,23.5,70.7,0.0,0.0,0.0,no_rain,1010.4,10.4,0.31
117,2023-08-26,36.8,24.6,29.6,40.9,24.6,68.9,0.0,0.0,0.0,no_rain,1010.3,4.8,0.34
118,2023-08-27,36.2,25.2,29.7,39.9,25.2,69.6,0.0,0.0,0.0,no_rain,1009.2,27.8,0.37
119,2023-08-28,35.4,24.2,29.2,38.6,24.2,69.5,0.0,0.0,0.0,no_rain,1008.1,20.4,0.41
120,2023-08-29,35.4,25.8,29.4,38.7,25.8,67.8,0.0,0.0,0.0,no_rain,1007.0,14.0,0.44
121,2023-08-30,37.3,23.4,29.5,40.6,23.4,66.7,0.0,0.0,0.0,no_rain,1009.1,2.1,0.48
122,2023-08-31,36.8,24.6,29.4,41.1,24.6,71.7,0.0,0.0,0.0,no_rain,1012.2,7.8,0.5
123,2023-09-01,34.4,25.2,28.9,37.1,25.2,65.7,0.0,0.0,0.0,no_rain,1013.4,29.3,0.54
124,2023-09-02,35.3,24.6,29.2,37.3,24.6,62.2,0.0,0.0,0.0,no_rain,1012.5,4.8,0.58
125,2023-09-03,34.9,25.3,29.2,36.9,25.3,61.4,0.0,0.0,0.0,no_rain,1010.2,19.9,0.61
126,2023-09-04,33.9,24.5,28.7,36.5,24.5,65.5,0.0,0.0,0.0,no_rain,1006.8,22.0,0.64
127,2023-09-05,37.0,24.7,29.9,44.9,24.7,61.1,0.0,0.0,0.0,no_rain,1007.2,0.7,0.68
128,2023-09-06,39.0,25.4,31.0,40.2,25.4,53.1,0.0,0.0,0.0,no_rain,1010.5,0.0,0.71
129,2023-09-07,38.8,25.8,31.6,39.9,25.8,52.7,0.0,0.0,0.0,no_rain,1008.9,0.0,0.75
130,2023-09-08,38.5,25.7,30.6,41.9,25.7,53.8,0.0,0.0,0.0,no_rain,1007.8,0.0,0.78
131,2023-09-09,37.3,25.1,30.2,41.7,25.1,62.5,0.0,0.0,0.0,no_rain,1010.1,3.4,0.81
132,2023-09-10,37.5,25.3,30.1,38.7,25.3,60.9,0.0,0.0,0.0,no_rain,1008.5,0.9,0.84
133,2023-09-11,38.5,25.9,31.1,41.6,25.9,53.6,0.0,0.0,0.0,no_rain,1004.4,10.5,0.88
134,2023-09-12,32.2,26.5,28.9,34.0,26.5,55.9,0.2,100.0,4.17,rain,1006.1,51.4,0.91
135,2023-09-13,34.4,25.4,29.1,34.2,25.4,60.7,0.1,100.0,4.17,rain,1011.2,15.8,0.94
136,2023-09-14,34.7,22.8,28.0,35.8,22.8,64.5,0.0,0.0,0.0,no_rain,1012.0,2.2,0.98
137,2023-09-15,34.6,22.6,27.5,35.0,22.6,65.4,0.0,0.0,0.0,no_rain,1012.3,9.7,0.0
138,2023-09-16,34.3,22.5,27.3,34.3,22.5,64.5,0.0,0.0,0.0,no_rain,1011.9,6.8,0.05
139,2023-09-17,36.2,21.8,27.9,36.9,21.8,67.8,0.0,0.0,0.0,no_rain,1010.3,1.8,0.08
140,2023-09-18,34.8,24.4,28.4,36.4,24.4,67.7,0.0,0.0,0.0,no_rain,1009.2,26.8,0.12
141,2023-09-19,33.9,23.8,27.7,35.1,23.8,65.3,0.0,0.0,0.0,no_rain,1009.9,18.7,0.15
142,2023-09-20,33.1,22.9,27.3,33.5,22.9,65.5,0.0,0.0,0.0,no_rain,1012.5,15.8,0.18
143,2023-09-21,34.1,23.3,27.4,35.5,23.3,66.5,0.0,0.0,0.0,no_rain,1012.5,16.2,0.22
144,2023-09-22,35.1,22.5,27.6,36.5,22.5,66.8,0.0,0.0,0.0,no_rain,1013.2,0.8,0.25
145,2023-09-23,35.4,22.8,27.8,35.9,22.8,66.2,0.0,0.0,0.0,no_rain,1012.2,0.0,0.29
146,2023-09-24,36.0,21.8,27.5,36.0,21.8,66.8,0.0,0.0,0.0,no_rain,1010.9,0.1,0.32
147,2023-09-25,36.4,23.1,28.2,36.7,23.1,71.0,0.0,0.0,0.0,no_rain,1010.4,16.4,0.36
148,2023-09-26,36.3,22.5,28.1,36.5,22.5,67.9,0.0,0.0,0.0,no_rain,1010.5,0.9,0.39
149,2023-09-27,37.0,22.1,28.8,37.1,22.1,63.8,0.0,0.0,0.0,no_rain,1011.1,4.2,0.43
150,2023-09-28,38.1,23.3,29.3,37.9,23.3,67.4,0.0,0.0,0.0,no_rain,1013.2,0.0,0.46
151,2023-09-29,36.4,23.2,28.5,38.6,23.2,69.8,0.0,0.0,0.0,no_rain,1015.2,17.8,0.5
152,2023-09-30,35.2,22.9,28.1,36.6,22.9,61.8,0.0,0.0,0.0,no_rain,1014.8,51.9,0.53
153,2023-10-01,32.5,24.4,27.3,32.6,24.4,61.6,0.0,0.0,0.0,no_rain,1014.2,68.1,0.56
154,2023-10-02,31.3,24.0,26.7,31.0,24.0,55.4,0.0,0.0,0.0,no_rain,1014.4,83.3,0.6
155,2023-10-03,30.7,22.2,26.0,30.8,22.2,58.7,0.0,0.0,0.0,no_rain,1015.2,60.3,0.63
156,2023-10-04,32.1,22.6,26.4,32.3,22.6,63.2,1.1,100.0,12.5,rain,1016.8,81.1,0.66
157,2023-10-05,32.3,23.3,27.1,32.9,23.3,60.2,0.0,0.0,0.0,no_rain,1017.3,32.0,0.69
158,2023-10-06,32.4,23.0,26.4,31.8,23.0,64.0,0.0,0.0,0.0,no_rain,1016.8,32.0,0.75
159,2023-10-07,31.4,21.1,25.5,30.9,21.1,62.3,0.0,0.0,0.0,no_rain,1016.4,69.9,0.76
160,2023-10-08,32.0,22.5,26.1,32.1,22.5,58.5,0.0,0.0,0.0,no_rain,1016.0,59.3,0.79
161,2023-10-09,32.4,22.9,26.4,33.0,22.9,61.1,0.0,0.0,0.0,no_rain,1015.8,22.2,0.82
162,2023-10-10,31.7,21.6,25.9,31.1,21.6,60.0,0.0,0.0,0.0,no_rain,1014.3,19.4,0.86
163,2023-10-11,31.7,23.0,26.1,31.0,23.0,59.7,0.0,0.0,0.0,no_rain,1014.6,49.7,0.89
164,2023-10-12,31.6,21.0,25.6,30.8,21.0,58.6,0.0,0.0,0.0,no_rain,1016.9,21.6,0.92
165,2023-10-13,31.1,21.7,25.4,30.5,21.7,61.5,0.0,0.0,0.0,no_rain,1018.5,30.3,0.96
166,2023-10-14,30.2,19.8,24.6,29.4,19.8,60.2,0.0,0.0,0.0,no_rain,1016.5,22.2,0.0
167,2023-10-15,30.0,20.7,24.5,29.4,20.7,62.0,0.0,0.0,0.0,no_rain,1014.4,25.1,0.02
168,2023-10-16,29.9,20.9,24.5,30.8,20.9,65.0,0.1,100.0,4.17,rain,1014.6,28.6,0.06
169,2023-10-17,31.0,19.8,24.7,32.0,19.8,64.9,0.0,0.0,0.0,rain,1015.7,22.1,0.09
170,2023-10-18,30.7,19.5,24.3,30.0,19.5,65.0,0.0,0.0,0.0,no_rain,1015.9,20.0,0.13
171,2023-10-19,31.8,19.9,24.8,31.6,19.9,65.0,0.0,0.0,0.0,no_rain,1016.5,10.7,0.16
172,2023-10-20,31.8,19.1,24.7,30.8,19.1,59.4,0.0,0.0,0.0,no_rain,1017.1,0.0,0.2
173,2023-10-21,30.6,19.2,24.2,30.4,19.2,65.5,0.0,0.0,0.0,no_rain,1016.8,8.8,0.23
174,2023-10-22,31.7,18.9,24.7,31.8,18.9,64.4,0.0,0.0,0.0,no_rain,1015.9,6.6,0.25
175,2023-10-23,33.1,21.6,25.6,34.0,21.6,69.7,0.0,0.0,0.0,no_rain,1015.0,2.4,0.31
176,2023-10-24,33.2,21.0,25.7,33.0,21.0,72.1,0.0,0.0,0.0,no_rain,1013.4,0.7,0.34
177,2023-10-25,33.9,20.4,26.0,34.3,20.4,69.8,0.0,0.0,0.0,no_rain,1013.2,0.0,0.38
178,2023-10-26,36.1,21.3,26.2,36.7,21.3,75.0,0.0,0.0,0.0,no_rain,1012.1,34.3,0.41
179,2023-10-27,33.3,21.8,26.2,34.2,21.8,76.0,0.0,0.0,0.0,no_rain,1012.2,44.8,0.45
180,2023-10-28,33.4,20.4,25.6,33.7,20.4,71.4,0.0,0.0,0.0,no_rain,1013.1,0.4,0.5
181,2023-10-29,33.2,22.3,26.0,33.9,22.3,72.9,0.0,0.0,0.0,no_rain,1013.3,5.4,0.52
182,2023-10-30,33.0,21.7,26.0,34.7,21.7,76.3,0.0,0.0,0.0,no_rain,1013.7,26.6,0.55
183,2023-10-31,32.7,21.2,26.4,32.7,21.2,68.6,0.4,100.0,4.17,rain,1013.6,56.7,0.58
184,2023-11-01,31.6,22.2,25.8,32.4,22.2,70.1,0.0,0.0,0.0,no_rain,1015.2,20.9,0.61
185,2023-11-02,31.9,21.8,25.3,31.8,21.8,66.9,0.0,0.0,0.0,no_rain,1015.8,30.6,0.65
186,2023-11-03,32.6,20.0,25.0,33.1,20.0,68.3,0.0,0.0,0.0,no_rain,1015.2,17.6,0.68
187,2023-11-04,33.5,19.1,24.9,32.2,19.1,68.8,0.0,0.0,0.0,no_rain,1014.0,0.0,0.71
188,2023-11-05,32.7,18.8,23.9,31.8,18.8,76.6,0.0,0.0,0.0,no_rain,1015.4,24.6,0.75
189,2023-11-06,33.9,18.1,24.1,32.6,18.1,70.9,0.0,0.0,0.0,no_rain,1017.6,19.9,0.78
190,2023-11-07,31.2,18.4,23.7,31.4,18.4,74.8,0.0,0.0,0.0,no_rain,1019.0,17.6,0.81
191,2023-11-08,30.9,19.8,24.2,31.9,19.8,73.0,0.0,0.0,0.0,no_rain,1018.0,23.3,0.84
192,2023-11-09,30.3,19.1,23.6,30.9,19.1,69.3,0.0,0.0,0.0,no_rain,1016.8,47.8,0.87
193,2023-11-10,30.7,19.4,23.8,31.1,19.4,65.7,0.0,0.0,0.0,no_rain,1017.4,60.6,0.9
194,2023-11-11,29.9,19.4,23.9,30.5,19.4,70.0,0.2,100.0,8.33,rain,1016.4,86.7,0.94
195,2023-11-12,30.1,19.8,24.2,31.1,19.8,79.2,1.8,100.0,20.83,rain,1015.7,34.9,0.97
196,2023-11-13,31.0,20.8,24.5,32.3,20.8,74.2,0.4,100.0,4.17,rain,1016.4,15.3,0.0
197,2023-11-14,27.4,19.1,22.5,27.7,19.1,70.4,0.0,0.0,0.0,no_rain,1014.7,29.4,0.04
198,2023-11-15,27.1,19.2,22.4,27.6,19.2,65.9,0.1,100.0,4.17,rain,1015.5,41.4,0.07
199,2023-11-16,28.2,17.1,22.2,28.1,17.1,68.5,0.0,0.0,0.0,no_rain,1017.2,12.3,0.11
200,2023-11-17,28.7,18.8,23.0,29.4,18.8,71.9,0.0,0.0,0.0,rain,1017.2,52.6,0.14
201,2023-11-18,27.7,19.7,23.1,27.6,19.7,61.5,0.0,0.0,0.0,rain,1014.1,41.5,0.18
202,2023-11-19,23.2,16.7,19.9,23.2,16.7,64.7,1.3,100.0,29.17,rain,1009.8,47.7,0.22
203,2023-11-20,23.2,18.0,20.2,23.2,18.0,54.2,0.0,0.0,0.0,rain,1015.1,62.7,0.25
204,2023-11-21,26.9,15.5,20.4,26.7,15.5,60.0,0.0,0.0,0.0,no_rain,1018.4,18.9,0.29
205,2023-11-22,27.1,16.0,20.3,26.5,16.0,62.1,0.0,0.0,0.0,no_rain,1015.3,54.4,0.32
206,2023-11-23,27.7,13.2,19.9,26.8,13.2,61.8,0.0,0.0,0.0,no_rain,1014.7,0.0,0.36
207,2023-11-24,28.3,14.8,20.3,27.2,14.8,61.6,0.0,0.0,0.0,no_rain,1011.9,11.2,0.39
208,2023-11-25,27.0,14.7,20.7,26.6,14.7,43.0,0.0,0.0,0.0,no_rain,1007.4,62.4,0.43
209,2023-11-26,25.1,16.4,20.7,25.1,16.4,40.4,0.0,0.0,0.0,rain,1011.5,12.8,0.47
210,2023-11-27,21.5,16.4,18.9,21.5,16.4,56.3,0.0,0.0,0.0,rain,1018.5,54.2,0.5
211,2023-11-28,23.4,14.8,18.2,23.4,14.8,56.6,0.0,0.0,0.0,no_rain,1020.3,47.5,0.53
212,2023-11-29,24.8,13.4,18.2,24.8,13.4,59.0,0.0,0.0,0.0,no_rain,1018.3,12.7,0.57
213,2023-11-30,25.9,13.5,18.7,25.9,13.5,68.3,0.0,0.0,0.0,no_rain,1019.7,32.4,0.6
214,2023-12-01,25.6,14.5,19.4,25.6,14.5,66.8,0.0,0.0,0.0,no_rain,1021.5,18.7,0.63
215,2023-12-02,25.0,14.3,19.0,25.0,14.3,69.7,0.0,0.0,0.0,no_rain,1020.5,11.0,0.66
216,2023-12-03,27.9,16.5,20.8,28.2,16.5,74.7,0.0,0.0,0.0,no_rain,1017.6,56.9,0.69
217,2023-12-04,27.2,16.5,20.5,27.5,16.5,83.5,0.0,0.0,0.0,no_rain,1015.9,43.2,0.73
218,2023-12-05,24.8,15.0,19.1,24.8,15.0,78.4,0.0,0.0,0.0,no_rain,1014.6,39.9,0.75
219,2023-12-06,25.0,15.2,19.4,25.0,15.2,67.6,0.1,100.0,4.17,rain,1015.9,16.2,0.79
220,2023-12-07,24.6,13.4,17.9,24.6,13.4,59.4,0.0,0.0,0.0,no_rain,1017.6,60.9,0.82
221,2023-12-08,23.4,13.3,17.3,23.4,13.3,58.2,0.0,0.0,0.0,no_rain,1013.3,68.2,0.85
222,2023-12-09,23.2,13.6,17.4,23.2,13.6,58.0,0.0,0.0,0.0,no_rain,1014.0,42.4,0.89
223,2023-12-10,24.6,10.1,17.1,24.6,10.1,58.5,0.0,0.0,0.0,no_rain,1015.8,6.9,0.92
224,2023-12-11,26.0,12.6,18.2,26.0,12.6,59.2,0.0,0.0,0.0,no_rain,1013.6,21.3,0.95
225,2023-12-12,23.0,11.4,17.0,23.0,11.4,66.8,0.5,100.0,16.67,rain,1015.5,23.1,0.98
226,2023-12-13,22.3,15.3,18.4,22.3,15.3,75.5,0.6,100.0,16.67,rain,1018.4,40.6,0.0
227,2023-12-14,24.3,15.4,19.0,24.3,15.4,77.9,0.0,0.0,0.0,no_rain,1021.7,41.4,0.05
228,2023-12-15,25.4,14.1,18.8,25.4,14.1,71.5,0.0,0.0,0.0,no_rain,1020.9,22.9,0.09
229,2023-12-16,26.6,12.8,18.3,26.6,12.8,70.3,0.0,0.0,0.0,no_rain,1019.7,31.8,0.12
230,2023-12-17,24.2,12.2,17.7,24.2,12.2,76.8,0.0,0.0,0.0,no_rain,1022.8,60.5,0.16
231,2023-12-18,23.8,15.6,18.8,23.8,15.6,66.6,0.0,0.0,0.0,no_rain,1021.7,54.8,0.19
232,2023-12-19,22.8,14.5,17.9,22.8,14.5,68.9,0.0,0.0,0.0,no_rain,1020.0,29.8,0.25
233,2023-12-20,23.0,12.3,17.5,23.0,12.3,65.4,0.0,0.0,0.0,no_rain,1016.2,89.3,0.26
234,2023-12-21,21.4,13.9,17.0,21.4,13.9,61.6,0.0,0.0,0.0,no_rain,1011.2,56.6,0.3
235,2023-12-22,21.6,12.9,16.6,21.6,12.9,53.1,0.0,0.0,0.0,no_rain,1011.9,18.0,0.34
236,2023-12-23,22.3,14.7,18.0,22.3,14.7,64.0,0.2,100.0,8.33,rain,1013.7,50.5,0.37
237,2023-12-24,23.3,15.7,18.6,23.3,15.7,73.3,0.3,100.0,12.5,rain,1018.3,58.8,0.41
238,2023-12-25,23.9,13.1,18.0,23.9,13.1,76.9,0.0,0.0,0.0,rain,1021.7,48.7,0.44
239,2023-12-26,23.5,14.9,18.7,23.5,14.9,69.4,0.0,0.0,0.0,no_rain,1021.4,49.5,0.48
240,2023-12-27,23.8,15.1,18.4,23.8,15.1,74.7,0.0,0.0,0.0,rain,1018.8,29.8,0.5
241,2023-12-28,23.4,15.3,18.5,23.4,15.3,79.7,0.7,100.0,16.67,rain,1021.5,49.7,0.55
242,2023-12-29,23.6,13.8,17.8,23.6,13.8,77.0,0.0,0.0,0.0,no_rain,1022.1,28.4,0.58
243,2023-12-30,24.2,13.2,17.7,24.2,13.2,74.9,0.0,0.0,0.0,no_rain,1021.5,29.0,0.61
244,2023-12-31,22.0,13.4,17.3,22.0,13.4,75.5,0.2,100.0,8.33,rain,1020.9,25.4,0.64
245,2024-01-01,23.6,11.8,17.0,23.6,11.8,72.4,0.0,0.0,0.0,rain,1021.1,36.4,0.67
246,2024-01-02,23.1,13.2,17.6,23.1,13.2,74.1,0.0,0.0,0.0,rain,1021.3,25.7,0.71
247,2024-01-03,23.1,12.9,17.2,23.1,12.9,73.6,0.0,0.0,0.0,no_rain,1021.0,43.3,0.74
248,2024-01-04,23.2,10.9,16.8,23.2,10.9,71.3,0.0,0.0,0.0,no_rain,1020.3,13.2,0.75
249,2024-01-05,23.7,10.7,16.9,23.7,10.7,69.2,0.0,0.0,0.0,no_rain,1021.0,39.8,0.8
250,2024-01-06,24.0,14.2,18.3,24.0,14.2,79.9,0.0,0.0,0.0,no_rain,1021.2,45.6,0.84
251,2024-01-07,24.9,12.5,17.1,24.9,12.5,75.6,0.0,0.0,0.0,no_rain,1017.5,23.1,0.87
252,2024-01-08,24.3,11.6,16.9,24.3,11.6,56.1,0.0,0.0,0.0,no_rain,1017.6,50.0,0.9
253,2024-01-09,21.7,9.5,14.9,21.7,8.2,57.0,0.0,0.0,0.0,no_rain,1016.6,10.2,0.93
254,2024-01-10,20.4,8.8,14.4,20.4,7.2,57.5,0.0,0.0,0.0,rain,1017.2,28.1,0.97
255,2024-01-11,19.6,12.6,15.6,19.6,12.6,65.6,0.1,100.0,4.17,rain,1018.3,40.6,0.0
256,2024-01-12,19.2,12.6,15.6,19.2,12.6,65.4,0.2,100.0,8.33,rain,1016.3,51.3,0.03
257,2024-01-13,21.5,10.9,15.2,21.5,10.9,56.1,0.0,0.0,0.0,no_rain,1012.2,12.8,0.07
258,2024-01-14,19.6,12.2,15.2,19.6,12.2,66.5,0.0,0.0,0.0,no_rain,1017.2,36.0,0.1
259,2024-01-15,20.2,10.5,14.6,20.2,10.5,65.8,0.0,0.0,0.0,no_rain,1022.4,10.7,0.14
260,2024-01-16,20.4,8.9,13.7,20.4,7.8,54.9,0.0,0.0,0.0,no_rain,1022.7,20.8,0.17
261,2024-01-17,23.5,10.1,15.5,23.5,10.1,53.7,0.0,0.0,0.0,no_rain,1020.7,25.8,0.21
262,2024-01-18,23.4,10.3,16.2,23.4,10.3,72.5,0.0,0.0,0.0,no_rain,1021.8,19.2,0.25
263,2024-01-19,24.5,10.2,16.1,24.5,10.2,70.7,0.0,0.0,0.0,no_rain,1021.3,3.9,0.28
264,2024-01-20,26.0,10.7,17.4,26.0,10.7,55.9,0.0,0.0,0.0,no_rain,1020.0,56.3,0.31
265,2024-01-21,27.3,14.7,19.4,26.7,14.7,37.6,0.0,0.0,0.0,no_rain,1015.6,43.1,0.35
266,2024-01-22,22.5,13.0,17.3,22.5,13.0,63.2,0.0,0.0,0.0,rain,1015.1,16.6,0.38
267,2024-01-23,20.5,14.4,16.8,20.5,14.4,68.0,0.1,100.0,4.17,rain,1019.3,42.9,0.42
268,2024-01-24,18.7,12.7,15.4,18.7,12.7,66.7,0.3,100.0,12.5,rain,1020.0,51.5,0.45
269,2024-01-25,18.3,12.6,15.0,18.3,12.6,70.4,0.5,100.0,16.67,rain,1019.3,51.8,0.5
270,2024-01-26,19.8,12.5,15.2,19.8,12.5,68.7,1.2,100.0,29.17,rain,1017.9,41.1,0.52
271,2024-01-27,19.2,12.1,15.1,19.2,12.1,58.2,0.1,100.0,4.17,rain,1020.4,52.5,0.55
272,2024-01-28,18.8,12.2,14.8,18.8,12.2,62.2,0.1,100.0,4.17,rain,1021.4,74.3,0.59
273,2024-01-29,17.1,9.5,12.7,17.1,8.6,72.9,3.0,100.0,25.0,rain,1020.1,36.7,0.62
274,2024-01-30,16.0,9.4,12.2,16.0,7.1,66.0,0.8,100.0,25.0,rain,1020.6,34.3,0.65
275,2024-01-31,17.1,7.1,11.2,17.1,5.3,67.9,1.0,100.0,12.5,rain,1021.5,21.6,0.69
276,2024-02-01,16.7,5.3,10.9,16.7,3.7,67.1,0.6,100.0,16.67,rain,1020.9,28.3,0.72
277,2024-02-02,18.1,9.0,12.7,18.1,7.4,78.6,0.8,100.0,20.83,rain,1021.5,46.1,0.75
278,2024-02-03,18.9,9.7,13.1,18.9,8.6,69.1,0.0,0.0,0.0,no_rain,1022.9,21.7,0.75
279,2024-02-04,18.7,9.1,13.0,18.7,7.8,71.9,2.1,100.0,29.17,rain,1024.2,29.7,0.82
280,2024-02-05,18.4,9.3,13.7,18.4,8.0,76.7,0.5,100.0,16.67,rain,1024.7,37.1,0.85
281,2024-02-06,22.2,9.7,15.5,22.2,8.9,76.9,0.0,0.0,0.0,no_rain,1026.5,10.2,0.88
282,2024-02-07,22.6,10.1,15.5,22.6,10.1,79.7,0.0,0.0,0.0,no_rain,1025.0,31.1,0.92
283,2024-02-08,23.4,9.2,15.4,23.4,8.6,77.7,0.0,0.0,0.0,no_rain,1021.0,22.2,0.95
284,2024-02-09,22.8,9.7,15.1,22.8,8.8,74.4,0.0,0.0,0.0,no_rain,1018.4,11.4,0.98
285,2024-02-10,22.4,9.7,15.2,22.4,8.8,74.1,0.0,0.0,0.0,no_rain,1020.2,16.0,0.0
286,2024-02-11,22.9,9.7,15.7,22.9,8.8,76.3,0.0,0.0,0.0,no_rain,1021.3,47.7,0.05
287,2024-02-12,24.8,12.2,17.8,24.8,12.2,60.0,0.0,0.0,0.0,no_rain,1015.5,96.2,0.08
288,2024-02-13,24.0,15.3,18.5,24.0,15.3,49.3,0.0,0.0,0.0,no_rain,1009.0,66.9,0.12
289,2024-02-14,20.8,13.0,15.5,20.8,13.0,70.7,1.6,100.0,29.17,rain,1010.1,36.8,0.15
290,2024-02-15,19.4,10.8,14.0,19.4,10.8,76.2,0.4,100.0,16.67,rain,1010.9,49.1,0.19
291,2024-02-16,19.6,11.2,14.5,19.6,11.2,70.1,0.0,0.0,0.0,rain,1015.4,37.7,0.25
292,2024-02-17,20.6,11.6,14.9,20.6,11.6,76.2,2.3,100.0,20.83,rain,1021.0,36.6,0.26
293,2024-02-18,19.5,11.1,14.7,19.5,11.1,77.8,0.5,100.0,20.83,rain,1022.8,36.6,0.29
294,2024-02-19,21.0,13.0,16.3,21.0,13.0,65.6,0.0,0.0,0.0,rain,1020.8,37.6,0.32
295,2024-02-20,20.9,12.7,15.8,20.9,12.7,63.9,0.0,0.0,0.0,no_rain,1021.0,59.3,0.36
296,2024-02-21,21.5,8.5,15.0,21.5,8.5,66.2,0.0,0.0,0.0,no_rain,1021.5,37.1,0.39
297,2024-02-22,21.7,9.5,14.9,21.7,8.1,70.6,0.0,0.0,0.0,no_rain,1021.0,30.5,0.43
298,2024-02-23,20.2,11.9,15.6,20.2,11.9,73.3,0.0,0.0,0.0,no_rain,1020.1,97.5,0.46
299,2024-02-24,23.0,13.2,17.6,23.0,13.2,71.4,0.1,100.0,4.17,rain,1020.6,42.2,0.5
300,2024-02-25,23.6,11.1,16.6,23.6,11.1,71.3,0.0,0.0,0.0,no_rain,1020.2,9.7,0.53
301,2024-02-26,26.3,11.6,18.1,26.3,11.6,68.7,0.0,0.0,0.0,no_rain,1013.1,10.5,0.56
302,2024-02-27,21.5,12.9,16.8,21.5,12.9,73.3,0.6,100.0,16.67,rain,1016.0,22.0,0.6
303,2024-02-28,23.9,11.9,17.4,23.9,11.9,70.4,0.0,0.0,0.0,no_rain,1019.3,3.8,0.63
304,2024-02-29,27.3,13.3,18.8,26.4,13.3,61.0,0.0,0.0,0.0,no_rain,1017.8,14.2,0.66
305,2024-03-01,30.3,13.9,20.4,28.5,13.9,46.4,0.0,0.0,0.0,no_rain,1012.6,20.7,0.7
306,2024-03-02,24.0,16.2,19.2,24.0,16.2,58.0,0.0,0.0,0.0,no_rain,1014.0,5.1,0.73
307,2024-03-03,22.4,13.7,17.8,22.4,13.7,66.8,0.0,0.0,0.0,no_rain,1017.0,39.3,0.75
308,2024-03-04,23.3,11.8,16.6,23.3,11.8,70.2,0.0,0.0,0.0,no_rain,1017.0,8.9,0.8
309,2024-03-05,26.9,11.4,18.5,26.4,11.4,61.0,0.0,0.0,0.0,no_rain,1015.3,0.0,0.83
310,2024-03-06,22.9,13.8,17.5,22.9,13.8,69.1,0.0,0.0,0.0,no_rain,1016.8,23.6,0.87
311,2024-03-07,22.7,12.2,17.2,22.7,12.2,67.9,0.0,0.0,0.0,rain,1018.8,33.8,0.9
312,2024-03-08,22.0,11.1,16.2,22.0,11.1,65.4,0.0,0.0,0.0,no_rain,1018.4,42.1,0.93
313,2024-03-09,23.3,11.4,16.4,23.3,11.4,65.8,0.0,0.0,0.0,no_rain,1016.9,59.5,0.97
314,2024-03-10,22.6,11.3,16.2,22.6,11.3,62.6,0.0,0.0,0.0,no_rain,1017.4,2.8,0.0
315,2024-03-11,23.4,11.4,16.7,23.4,11.4,65.6,0.0,0.0,0.0,no_rain,1021.6,3.9,0.03
316,2024-03-12,25.5,11.8,17.7,25.5,11.8,72.3,0.0,0.0,0.0,no_rain,1018.1,3.0,0.07
317,2024-03-13,25.8,11.5,18.1,25.8,11.5,74.1,0.0,0.0,0.0,no_rain,1014.8,21.9,0.1
318,2024-03-14,24.0,12.7,17.4,24.0,12.7,69.1,0.0,0.0,0.0,no_rain,1016.8,34.9,0.14
319,2024-03-15,23.6,11.1,16.8,23.6,11.1,62.5,0.0,0.0,0.0,no_rain,1018.0,20.8,0.17
320,2024-03-16,21.7,11.3,16.2,21.7,11.3,68.7,0.9,100.0,12.5,rain,1018.4,73.5,0.2
321,2024-03-17,22.3,13.7,17.6,22.3,13.7,67.8,0.1,100.0,4.17,rain,1012.5,51.2,0.25
322,2024-03-18,21.6,14.0,17.1,21.6,14.0,67.1,1.1,100.0,12.5,rain,1011.2,53.0,0.27
323,2024-03-19,22.2,12.7,17.1,22.2,12.7,62.2,0.0,0.0,0.0,rain,1014.5,38.0,0.3
324,2024-03-20,26.2,13.1,19.1,26.2,13.1,50.7,0.0,0.0,0.0,no_rain,1016.5,0.5,0.34
325,2024-03-21,24.9,14.4,18.1,24.9,14.4,54.9,1.1,100.0,8.33,rain,1015.5,17.5,0.37
326,2024-03-22,21.7,12.8,16.8,21.7,12.8,54.8,0.0,0.0,0.0,no_rain,1015.5,22.1,0.4
327,2024-03-23,22.5,11.3,16.5,22.5,11.3,56.0,0.0,0.0,0.0,no_rain,1013.6,70.1,0.44
328,2024-03-24,20.3,12.5,15.9,20.3,12.5,56.9,0.2,100.0,8.33,rain,1012.7,60.8,0.47
329,2024-03-25,23.4,10.9,16.6,23.4,10.9,56.2,0.0,0.0,0.0,no_rain,1017.4,10.6,0.5
330,2024-03-26,28.3,13.5,20.3,27.0,13.5,42.2,0.0,0.0,0.0,no_rain,1018.7,25.5,0.54
331,2024-03-27,31.5,14.7,22.6,29.5,14.7,43.2,0.0,0.0,0.0,no_rain,1016.3,34.2,0.57
332,2024-03-28,32.8,15.4,23.8,30.6,15.4,42.8,0.0,0.0,0.0,no_rain,1014.1,79.4,0.61
333,2024-03-29,26.6,16.8,20.9,26.6,16.8,71.9,1.4,100.0,20.83,rain,1014.8,33.8,0.64
334,2024-03-30,28.2,16.7,21.4,27.6,16.7,70.2,0.0,0.0,0.0,no_rain,1016.5,30.4,0.68
335,2024-03-31,32.1,17.0,23.6,31.1,17.0,64.3,0.0,0.0,0.0,no_rain,1017.9,36.1,0.71
336,2024-04-01,31.4,17.8,23.5,30.3,17.8,60.0,0.0,0.0,0.0,no_rain,1016.5,44.8,0.75
337,2024-04-02,30.5,16.4,22.7,29.2,16.4,60.0,0.0,0.0,0.0,no_rain,1014.3,0.0,0.75
338,2024-04-03,31.1,14.9,22.1,29.4,14.9,65.6,0.0,0.0,0.0,no_rain,1014.4,9.0,0.82
339,2024-04-04,31.4,15.3,21.3,29.6,15.3,67.9,0.0,0.0,0.0,no_rain,1016.1,26.8,0.85
340,2024-04-05,28.2,14.1,19.7,27.8,14.1,72.4,0.0,0.0,0.0,no_rain,1016.8,26.4,0.88
341,2024-04-06,26.7,15.2,20.1,26.7,15.2,69.9,0.0,0.0,0.0,no_rain,1015.1,6.5,0.92
342,2024-04-07,26.7,16.3,20.4,26.7,16.3,69.6,0.0,0.0,0.0,no_rain,1012.0,23.1,0.95
343,2024-04-08,22.9,15.4,18.4,22.9,15.4,78.7,1.4,100.0,16.67,rain,1009.5,43.9,0.0
344,2024-04-09,24.8,14.6,19.0,24.8,14.6,68.4,1.0,100.0,16.67,rain,1010.9,23.7,0.02
345,2024-04-10,24.9,15.4,19.4,24.9,15.4,70.1,0.0,0.0,0.0,no_rain,1014.8,25.1,0.05
346,2024-04-11,28.4,14.3,20.0,27.5,14.3,72.2,0.0,0.0,0.0,no_rain,1016.8,16.8,0.09
347,2024-04-12,28.2,13.7,20.1,27.5,13.7,72.6,0.0,0.0,0.0,no_rain,1017.0,9.8,0.12
348,2024-04-13,28.5,16.0,21.3,28.0,16.0,70.2,0.0,0.0,0.0,no_rain,1016.2,29.3,0.15
349,2024-04-14,29.1,17.4,21.8,28.3,17.4,71.9,0.0,0.0,0.0,no_rain,1014.9,12.6,0.19
350,2024-04-15,30.5,17.8,22.7,29.0,17.8,66.3,0.0,0.0,0.0,no_rain,1014.9,21.9,0.25
351,2024-04-16,30.1,16.1,22.3,28.9,16.1,65.8,0.0,0.0,0.0,no_rain,1014.6,22.5,0.25
352,2024-04-17,36.0,17.6,26.9,33.9,17.6,47.2,0.0,0.0,0.0,no_rain,1007.8,3.3,0.28
353,2024-04-18,29.7,18.8,24.2,29.2,18.8,56.2,0.0,0.0,0.0,no_rain,1011.5,1.4,0.32
354,2024-04-19,28.6,16.6,21.2,28.1,16.6,66.9,0.0,0.0,0.0,no_rain,1013.6,3.6,0.35
355,2024-04-20,32.2,16.0,22.2,31.0,16.0,62.3,0.0,0.0,0.0,no_rain,1012.0,19.7,0.38
356,2024-04-21,28.4,15.8,21.5,27.6,15.8,60.4,0.0,0.0,0.0,no_rain,1015.9,13.8,0.42
357,2024-04-22,31.3,16.4,22.8,29.7,16.4,58.1,0.0,0.0,0.0,no_rain,1017.6,18.1,0.45
358,2024-04-23,34.3,16.6,24.5,32.8,16.6,56.3,0.0,0.0,0.0,no_rain,1014.5,42.0,0.48
359,2024-04-24,39.7,20.2,29.7,40.6,20.2,38.2,0.0,0.0,0.0,no_rain,1007.6,47.7,0.5
360,2024-04-25,32.2,20.9,25.0,31.9,20.9,52.5,0.0,0.0,0.0,no_rain,1006.1,81.1,0.55
361,2024-04-26,27.6,18.5,22.8,27.0,18.5,56.7,0.0,0.0,0.0,no_rain,1010.7,54.3,0.59
362,2024-04-27,29.3,16.8,21.7,28.2,16.8,64.4,0.0,0.0,0.0,no_rain,1011.2,18.7,0.62
363,2024-04-28,29.8,18.0,22.3,28.4,18.0,64.6,0.0,0.0,0.0,no_rain,1012.9,5.5,0.65
364,2024-04-29,29.1,17.0,22.1,28.2,17.0,65.6,0.0,0.0,0.0,no_rain,1013.0,10.2,0.69
365,2024-04-30,29.4,17.7,22.6,28.6,17.7,65.6,0.0,0.0,0.0,no_rain,1011.2,23.0,0.73
366,2024-05-01,30.3,18.1,23.7,29.9,18.1,63.9,0.0,0.0,0.0,no_rain,1010.8,39.2,0.75
367,2024-05-02,30.4,18.5,23.1,29.4,18.5,63.8,0.0,0.0,0.0,no_rain,1011.2,50.5,0.8
368,2024-05-03,30.6,17.4,23.2,29.5,17.4,65.9,0.0,0.0,0.0,no_rain,1011.5,4.1,0.83
369,2024-05-04,30.8,18.1,23.7,29.5,18.1,59.2,0.0,0.0,0.0,no_rain,1012.3,21.2,0.87
370,2024-05-05,26.5,16.0,21.0,26.5,16.0,60.8,0.0,0.0,0.0,no_rain,1010.6,24.6,0.9
371,2024-05-06,27.1,17.5,21.6,26.7,17.5,60.3,0.0,0.0,0.0,no_rain,1013.0,28.8,0.94
372,2024-05-07,28.4,15.5,21.3,27.4,15.5,58.7,0.0,0.0,0.0,no_rain,1016.0,6.2,0.97
373,2024-05-08,29.8,13.8,21.7,28.2,13.8,57.6,0.0,0.0,0.0,no_rain,1015.5,1.9,0.0
374,2024-05-09,32.9,15.6,23.5,31.2,15.6,60.4,0.0,0.0,0.0,no_rain,1010.1,7.9,0.04
375,2024-05-10,32.2,20.1,24.9,30.6,20.1,55.4,0.0,0.0,0.0,no_rain,1006.5,69.6,0.07
376,2024-05-11,29.6,17.4,22.9,28.9,17.4,62.0,0.0,0.0,0.0,no_rain,1011.1,12.0,0.1
377,2024-05-12,27.6,17.3,22.1,27.3,17.3,66.4,0.0,0.0,0.0,no_rain,1013.6,27.0,0.14
378,2024-05-13,27.1,17.5,22.0,26.8,17.5,59.1,0.0,0.0,0.0,no_rain,1013.9,16.6,0.17
379,2024-05-14,28.8,17.7,22.4,27.8,17.7,58.4,0.0,0.0,0.0,no_rain,1013.9,3.6,0.2
380,2024-05-15,29.4,15.4,22.5,28.3,15.4,58.6,0.0,0.0,0.0,no_rain,1016.2,0.0,0.25
381,2024-05-16,33.0,16.4,24.2,31.5,16.4,54.4,0.0,0.0,0.0,no_rain,1018.2,0.0,0.27
382,2024-05-17,35.1,17.7,25.6,33.5,17.7,51.8,0.0,0.0,0.0,no_rain,1018.2,0.0,0.3
383,2024-05-18,38.5,19.5,27.9,36.9,19.5,44.4,0.0,0.0,0.0,no_rain,1015.1,10.9,0.33
384,2024-05-19,39.5,21.0,29.0,38.3,21.0,44.2,0.0,0.0,0.0,no_rain,1012.1,37.4,0.36
385,2024-05-20,41.7,23.0,29.9,40.4,23.0,42.4,0.5,100.0,8.33,rain,1009.7,26.6,0.4
386,2024-05-21,37.0,21.5,28.1,36.0,21.5,55.6,0.0,0.0,0.0,no_rain,1011.8,25.7,0.43
387,2024-05-22,38.4,21.4,29.0,38.1,21.4,50.1,0.0,0.0,0.0,no_rain,1012.3,5.8,0.46
388,2024-05-23,37.1,22.3,28.3,35.9,22.3,51.1,0.0,0.0,0.0,no_rain,1011.8,33.0,0.5
389,2024-05-24,31.8,20.0,25.2,30.5,20.0,58.7,0.0,0.0,0.0,no_rain,1013.2,0.4,0.53
390,2024-05-25,31.3,21.5,25.6,30.0,21.5,52.5,0.0,0.0,0.0,no_rain,1012.5,11.0,0.56
391,2024-05-26,35.4,18.6,26.4,33.8,18.6,56.1,0.0,0.0,0.0,no_rain,1010.9,19.4,0.6
392,2024-05-27,31.2,21.9,26.8,30.6,21.9,46.0,0.0,0.0,0.0,no_rain,1008.9,6.1,0.64
393,2024-05-28,30.3,19.2,24.1,29.7,19.2,63.6,0.0,0.0,0.0,no_rain,1012.8,32.5,0.67
394,2024-05-29,30.8,18.7,24.3,30.3,18.7,59.8,0.0,0.0,0.0,no_rain,1013.0,21.9,0.71
395,2024-05-30,31.2,17.8,24.1,30.0,17.8,56.1,0.0,0.0,0.0,no_rain,1014.2,9.8,0.75
396,2024-05-31,34.4,18.3,25.9,32.8,18.3,48.9,0.0,0.0,0.0,no_rain,1016.4,3.0,0.78
397,2024-06-01,37.4,20.2,28.9,35.7,20.2,35.9,0.0,0.0,0.0,no_rain,1016.1,0.0,0.82
398,2024-06-02,34.9,21.1,27.4,34.6,21.1,52.9,0.0,0.0,0.0,no_rain,1013.4,0.0,0.85
399,2024-06-03,35.5,21.4,27.6,34.7,21.4,55.7,0.0,0.0,0.0,no_rain,1011.1,0.0,0.89
400,2024-06-04,36.9,21.6,28.2,37.0,21.6,61.4,0.0,0.0,0.0,no_rain,1009.8,0.0,0.92
401,2024-06-05,38.0,21.8,29.2,37.6,21.8,56.7,0.0,0.0,0.0,no_rain,1009.1,0.0,0.96
402,2024-06-06,41.3,21.0,30.3,41.8,21.0,57.8,0.0,0.0,0.0,no_rain,1008.5,2.7,0.0
403,2024-06-07,41.9,22.8,31.0,43.0,22.8,57.0,0.0,0.0,0.0,no_rain,1008.1,4.1,0.03
404,2024-06-08,36.5,24.7,29.2,38.8,24.7,61.8,0.0,0.0,0.0,no_rain,1006.6,0.6,0.06
405,2024-06-09,34.2,23.2,27.8,34.5,23.2,67.0,0.0,0.0,0.0,no_rain,1007.0,8.4,0.09
406,2024-06-10,35.6,22.4,27.9,37.4,22.4,67.9,0.0,0.0,0.0,no_rain,1009.6,3.9,0.12
407,2024-06-11,36.3,21.8,28.2,37.0,21.8,63.3,0.0,0.0,0.0,no_rain,1010.9,12.2,0.16
408,2024-06-12,37.5,22.0,29.0,38.7,22.0,62.6,0.0,0.0,0.0,no_rain,1011.4,0.0,0.19
409,2024-06-13,40.0,23.4,31.0,43.2,23.4,59.1,0.0,0.0,0.0,no_rain,1011.0,0.0,0.22
410,2024-06-14,41.4,23.9,31.6,43.1,23.9,59.4,0.0,0.0,0.0,no_rain,1008.4,0.0,0.25
411,2024-06-15,41.9,24.9,31.5,42.4,24.9,55.2,0.0,0.0,0.0,no_rain,1006.8,0.0,0.29
412,2024-06-16,36.3,23.7,28.8,36.6,23.7,63.8,0.0,0.0,0.0,no_rain,1008.7,0.0,0.32
413,2024-06-17,35.0,22.2,28.1,35.4,22.2,63.4,0.0,0.0,0.0,no_rain,1010.1,0.0,0.35
414,2024-06-18,34.9,23.0,28.0,36.2,23.0,66.4,0.0,0.0,0.0,no_rain,1009.8,13.7,0.38
415,2024-06-19,35.7,23.2,28.3,37.3,23.2,67.8,0.0,0.0,0.0,no_rain,1008.8,10.5,0.41
416,2024-06-20,36.1,22.7,28.9,37.6,22.7,64.9,0.0,0.0,0.0,no_rain,1008.3,1.6,0.45
417,2024-06-21,35.6,22.7,28.5,37.5,22.7,67.4,0.0,0.0,0.0,no_rain,1007.2,1.8,0.48
418,2024-06-22,36.1,23.8,29.3,38.2,23.8,64.7,0.0,0.0,0.0,no_rain,1005.0,7.3,0.5
419,2024-06-23,38.4,24.7,30.2,39.1,24.7,61.7,0.0,0.0,0.0,no_rain,1005.2,0.2,0.55
420,2024-06-24,38.9,23.5,30.3,41.0,23.5,61.6,0.0,0.0,0.0,no_rain,1007.0,0.0,0.58
421,2024-06-25,37.0,23.3,29.4,37.2,23.3,62.1,0.0,0.0,0.0,no_rain,1007.5,0.1,0.62
422,2024-06-26,36.0,24.2,29.1,38.8,24.2,66.4,0.0,0.0,0.0,no_rain,1006.6,22.1,0.66
423,2024-06-27,38.1,23.4,29.4,40.6,23.4,71.1,0.0,0.0,0.0,no_rain,1006.5,27.8,0.69
424,2024-06-28,37.6,23.8,29.7,40.4,23.8,67.0,0.0,0.0,0.0,no_rain,1005.9,4.6,0.73
425,2024-06-29,35.1,25.0,29.0,37.4,25.0,67.6,0.0,0.0,0.0,no_rain,1003.8,18.9,0.75
426,2024-06-30,35.1,24.2,29.0,37.5,24.2,65.4,0.0,0.0,0.0,no_rain,1004.3,14.1,0.8
427,2024-07-01,36.2,24.3,29.4,37.9,24.3,68.1,0.0,0.0,0.0,no_rain,1006.4,1.4,0.84
428,2024-07-02,35.7,23.9,29.5,37.8,23.9,62.8,0.0,0.0,0.0,no_rain,1005.0,3.3,0.87
429,2024-07-03,36.5,22.9,29.2,38.0,22.9,61.0,0.0,0.0,0.0,no_rain,1004.9,0.0,0.91
430,2024-07-04,38.4,23.7,29.9,40.3,23.7,60.7,0.0,0.0,0.0,no_rain,1006.3,1.7,0.94
431,2024-07-05,34.9,23.7,29.1,36.6,23.7,65.9,0.0,0.0,0.0,no_rain,1008.5,0.0,0.98
432,2024-07-06,33.6,23.9,28.5,35.1,23.9,65.5,0.0,0.0,0.0,no_rain,1006.7,20.9,0.0
433,2024-07-07,35.8,24.1,29.0,37.3,24.1,68.7,0.0,0.0,0.0,no_rain,1005.5,1.3,0.05
434,2024-07-08,36.0,25.1,29.8,39.9,25.1,69.3,0.0,0.0,0.0,no_rain,1004.9,23.2,0.08
435,2024-07-09,36.6,25.4,30.0,42.6,25.4,71.2,0.0,0.0,0.0,no_rain,1004.7,22.8,0.11
436,2024-07-10,37.4,24.7,30.1,41.7,24.7,72.0,0.0,0.0,0.0,no_rain,1005.5,23.8,0.14
437,2024-07-11,39.1,23.9,30.3,43.2,23.9,72.5,0.0,0.0,0.0,no_rain,1007.5,7.4,0.18
438,2024-07-12,37.7,24.8,30.2,42.7,24.8,70.2,0.0,0.0,0.0,no_rain,1007.2,8.9,0.21
439,2024-07-13,35.9,24.4,30.0,43.3,24.4,66.4,0.0,0.0,0.0,no_rain,1006.9,0.3,0.24
440,2024-07-14,34.9,25.1,29.7,39.2,25.1,69.6,0.0,0.0,0.0,no_rain,1005.8,3.9,0.25
441,2024-07-15,35.6,25.2,29.9,40.3,25.2,69.5,0.0,0.0,0.0,no_rain,1005.0,5.8,0.3
442,2024-07-16,35.7,24.0,29.4,38.9,24.0,67.2,0.0,0.0,0.0,no_rain,1005.7,0.0,0.34
443,2024-07-17,35.7,23.5,29.1,40.2,23.5,71.9,0.0,0.0,0.0,no_rain,1007.0,2.8,0.37
444,2024-07-18,35.8,23.1,28.9,39.5,23.1,72.3,0.0,0.0,0.0,no_rain,1007.3,17.1,0.4
445,2024-07-19,36.5,23.4,29.4,40.9,23.4,68.9,0.0,0.0,0.0,no_rain,1005.3,9.2,0.43
446,2024-07-20,36.6,24.5,30.2,43.0,24.5,67.8,0.0,0.0,0.0,no_rain,1003.8,0.0,0.47
447,2024-07-21,37.0,25.1,30.5,43.8,25.1,73.2,0.0,0.0,0.0,no_rain,1006.1,8.7,0.5
448,2024-07-22,37.4,25.3,30.8,42.8,25.3,67.9,0.0,0.0,0.0,no_rain,1006.9,9.2,0.53
449,2024-07-23,36.4,25.1,30.2,42.8,25.1,72.1,0.0,0.0,0.0,no_rain,1007.0,16.7,0.57
450,2024-07-24,36.8,25.6,30.5,42.1,25.6,70.6,0.0,0.0,0.0,no_rain,1005.2,23.8,0.6
451,2024-07-25,38.3,24.7,30.4,42.3,24.7,67.1,0.0,0.0,0.0,no_rain,1002.6,0.4,0.64
452,2024-07-26,35.2,25.7,29.9,39.4,25.7,67.7,0.0,0.0,0.0,no_rain,1004.4,9.9,0.68
453,2024-07-27,35.1,26.4,30.1,39.3,26.4,64.4,0.0,0.0,0.0,no_rain,1006.7,18.6,0.71
454,2024-07-28,35.9,23.3,29.2,43.8,23.3,71.5,0.0,0.0,0.0,no_rain,1008.6,11.1,0.75
455,2024-07-29,36.0,25.5,30.1,40.2,25.5,67.9,0.0,0.0,0.0,no_rain,1006.4,0.6,0.78
456,2024-07-30,36.1,24.5,29.8,40.4,24.5,70.2,0.0,0.0,0.0,no_rain,1004.1,15.4,0.82
457,2024-07-31,36.5,24.4,30.0,41.6,24.4,72.0,0.0,0.0,0.0,no_rain,1005.2,4.9,0.85
458,2024-08-01,35.8,25.2,29.9,40.3,25.2,72.2,0.0,0.0,0.0,no_rain,1006.6,6.3,0.89
459,2024-08-02,36.0,23.8,29.2,37.7,23.8,71.3,0.0,0.0,0.0,no_rain,1006.9,14.4,0.93
460,2024-08-03,35.0,24.8,29.3,39.0,24.8,65.5,0.0,0.0,0.0,no_rain,1006.1,3.2,0.96
461,2024-08-04,34.3,22.0,28.4,37.1,22.0,63.7,0.0,0.0,0.0,no_rain,1006.8,2.2,0.0
462,2024-08-05,35.2,21.1,28.4,38.7,21.1,66.3,0.0,0.0,0.0,no_rain,1006.4,5.8,0.03
463,2024-08-06,35.5,22.3,28.9,39.5,22.3,70.1,0.0,0.0,0.0,no_rain,1006.4,4.8,0.06
464,2024-08-07,36.1,24.8,29.9,39.5,24.8,68.6,0.0,0.0,0.0,no_rain,1006.8,7.1,0.09
465,2024-08-08,36.1,24.1,29.6,40.5,24.1,71.4,0.0,0.0,0.0,no_rain,1007.9,0.0,0.13
466,2024-08-09,36.1,23.6,29.5,39.4,23.6,69.2,0.0,0.0,0.0,no_rain,1009.1,1.6,0.16
467,2024-08-10,35.6,23.4,29.2,39.5,23.4,67.9,0.0,0.0,0.0,no_rain,1010.2,2.7,0.19
468,2024-08-11,36.1,24.9,29.7,41.2,24.9,70.9,0.0,0.0,0.0,no_rain,1008.4,18.7,0.23
469,2024-08-12,36.1,24.3,29.8,38.8,24.3,65.4,0.0,0.0,0.0,no_rain,1007.0,5.6,0.25
470,2024-08-13,35.5,23.8,29.3,38.0,23.8,65.2,0.0,0.0,0.0,no_rain,1007.5,1.9,0.29
471,2024-08-14,35.9,23.4,29.2,40.3,23.4,67.6,0.0,0.0,0.0,no_rain,1008.4,19.2,0.32
472,2024-08-15,36.7,23.7,30.0,41.1,23.7,66.0,0.0,0.0,0.0,no_rain,1008.8,1.7,0.36
473,2024-08-16,36.7,24.7,30.1,40.9,24.7,71.1,0.0,0.0,0.0,no_rain,1006.5,9.2,0.39
474,2024-08-17,37.0,25.5,30.6,41.2,25.5,67.7,0.0,0.0,0.0,no_rain,1004.4,2.3,0.42
475,2024-08-18,36.2,25.6,30.0,40.2,25.6,69.1,0.0,0.0,0.0,no_rain,1005.6,30.1,0.45
476,2024-08-19,35.6,24.3,29.0,38.8,24.3,70.0,0.0,0.0,0.0,no_rain,1008.5,5.3,0.5
477,2024-08-20,35.7,22.9,28.6,39.2,22.9,68.4,0.0,0.0,0.0,no_rain,1009.2,5.2,0.52
478,2024-08-21,36.9,22.5,29.3,41.5,22.5,66.2,0.0,0.0,0.0,no_rain,1007.2,0.0,0.56
479,2024-08-22,35.6,24.2,29.8,39.8,24.2,69.1,0.0,0.0,0.0,no_rain,1006.7,2.8,0.59
480,2024-08-23,35.2,25.1,29.6,38.3,25.1,67.2,0.0,0.0,0.0,no_rain,1008.7,17.1,0.63
481,2024-08-24,35.3,24.8,29.7,39.2,24.8,67.8,0.0,0.0,0.0,no_rain,1009.1,6.8,0.66
482,2024-08-25,36.7,25.4,30.2,40.6,25.4,68.1,0.0,0.0,0.0,no_rain,1007.0,19.5,0.7
483,2024-08-26,36.6,24.4,30.1,40.6,24.4,67.9,0.0,0.0,0.0,no_rain,1007.3,3.6,0.75
484,2024-08-27,36.3,24.4,30.0,39.2,24.4,62.6,0.0,0.0,0.0,no_rain,1009.6,0.0,0.77
485,2024-08-28,34.1,22.6,28.5,36.8,22.6,66.0,0.0,0.0,0.0,no_rain,1012.2,22.5,0.8
486,2024-08-29,35.5,24.0,29.2,39.5,24.0,65.0,0.0,0.0,0.0,no_rain,1012.1,1.4,0.84
487,2024-08-30,34.9,24.6,29.2,38.4,24.6,64.6,0.0,0.0,0.0,no_rain,1011.8,13.8,0.87
488,2024-08-31,35.4,24.0,29.4,39.8,24.0,63.8,0.0,0.0,0.0,no_rain,1011.2,11.7,0.91
489,2024-09-01,35.0,25.1,29.8,38.9,25.1,62.9,0.0,0.0,0.0,no_rain,1010.3,11.7,0.94
490,2024-09-02,36.3,24.2,29.6,39.1,24.2,65.0,0.0,0.0,0.0,no_rain,1012.2,2.7,0.98
491,2024-09-03,34.9,24.9,29.3,36.8,24.9,66.2,0.0,0.0,0.0,no_rain,1012.9,1.9,0.0
492,2024-09-04,33.4,24.0,28.7,35.4,24.0,62.5,0.0,0.0,0.0,no_rain,1011.6,24.7,0.04
493,2024-09-05,34.3,24.8,29.0,37.6,24.8,62.7,0.0,0.0,0.0,no_rain,1009.3,29.2,0.08
494,2024-09-06,35.0,25.1,29.4,37.2,25.1,62.9,0.0,0.0,0.0,no_rain,1009.2,19.8,0.11
495,2024-09-07,35.2,23.9,29.4,40.2,23.9,65.3,0.0,0.0,0.0,no_rain,1010.1,18.1,0.14
496,2024-09-08,36.2,24.2,29.6,38.0,24.2,65.9,0.0,0.0,0.0,no_rain,1009.3,9.6,0.18
497,2024-09-09,35.1,23.5,28.7,37.0,23.5,66.8,0.0,0.0,0.0,no_rain,1009.7,6.7,0.21
498,2024-09-10,36.1,22.9,29.1,37.3,22.9,61.6,0.0,0.0,0.0,no_rain,1009.0,2.1,0.24
499,2024-09-11,39.0,25.2,31.5,42.7,25.2,50.6,0.0,0.0,0.0,no_rain,1008.6,7.8,0.25
500,2024-09-12,38.2,25.7,30.5,41.3,25.7,56.2,0.0,0.0,0.0,no_rain,1010.5,8.2,0.31
501,2024-09-13,34.6,25.3,29.3,37.1,25.3,61.4,0.0,0.0,0.0,no_rain,1011.4,6.9,0.34
502,2024-09-14,34.4,23.9,28.8,35.1,23.9,60.8,0.0,0.0,0.0,no_rain,1010.8,9.3,0.38
503,2024-09-15,35.0,24.6,29.0,37.8,24.6,65.7,0.0,0.0,0.0,no_rain,1010.0,15.0,0.41
504,2024-09-16,33.8,25.4,29.0,34.8,25.4,57.3,0.0,0.0,0.0,no_rain,1010.7,18.5,0.44
505,2024-09-17,32.6,23.1,27.3,33.7,23.1,58.9,0.0,0.0,0.0,no_rain,1013.7,24.6,0.48
506,2024-09-18,34.0,21.6,27.3,33.8,21.6,59.4,0.0,0.0,0.0,no_rain,1014.4,1.4,0.5
507,2024-09-19,37.1,22.7,28.9,38.0,22.7,55.4,0.0,0.0,0.0,no_rain,1012.0,0.0,0.54
508,2024-09-20,38.9,25.7,30.1,41.6,25.7,53.4,0.0,0.0,0.0,no_rain,1010.7,2.0,0.58
509,2024-09-21,33.5,24.0,28.0,33.3,24.0,57.4,0.0,0.0,0.0,no_rain,1012.6,40.7,0.61
510,2024-09-22,32.3,23.6,27.1,32.3,23.6,57.2,0.0,0.0,0.0,no_rain,1013.0,19.2,0.65
511,2024-09-23,31.4,22.8,26.7,31.1,22.8,54.4,0.0,0.0,0.0,no_rain,1012.9,34.7,0.68
512,2024-09-24,32.8,20.4,26.3,34.7,20.4,58.3,0.0,0.0,0.0,no_rain,1014.1,3.8,0.75
513,2024-09-25,32.7,21.6,26.4,32.8,21.6,62.1,0.0,0.0,0.0,no_rain,1014.4,12.7,0.75
514,2024-09-26,33.2,21.1,26.5,34.0,21.1,63.2,0.0,0.0,0.0,no_rain,1012.4,12.5,0.78
515,2024-09-27,34.4,20.6,26.8,34.8,20.6,64.2,0.0,0.0,0.0,no_rain,1010.9,0.0,0.82
516,2024-09-28,34.7,20.3,26.8,34.2,20.3,64.8,0.0,0.0,0.0,no_rain,1010.6,0.0,0.85
517,2024-09-29,33.7,22.1,27.1,33.7,22.1,63.1,0.0,0.0,0.0,no_rain,1010.6,9.5,0.88
518,2024-09-30,34.1,22.0,27.2,35.3,22.0,64.6,0.0,0.0,0.0,no_rain,1009.7,15.6,0.92
519,2024-10-01,31.5,23.3,26.5,30.9,23.3,57.2,0.0,0.0,0.0,no_rain,1010.6,27.3,0.95
520,2024-10-02,31.1,17.1,23.7,30.2,17.1,61.6,0.0,0.0,0.0,no_rain,1012.6,21.7,0.0
521,2024-10-03,30.6,19.0,24.4,30.2,19.0,59.2,0.0,0.0,0.0,no_rain,1014.9,5.3,0.02
522,2024-10-04,30.7,18.1,23.9,30.3,18.1,61.0,0.0,0.0,0.0,no_rain,1015.1,2.9,0.05
523,2024-10-05,32.0,17.1,23.4,31.3,17.1,65.8,0.0,0.0,0.0,no_rain,1013.2,11.7,0.09
524,2024-10-06,31.5,18.1,24.3,30.8,18.1,62.2,0.0,0.0,0.0,no_rain,1012.4,1.4,0.12
525,2024-10-07,32.9,20.1,25.9,33.5,20.1,66.9,0.0,0.0,0.0,no_rain,1014.4,0.2,0.16
526,2024-10-08,34.6,20.8,27.1,34.9,20.8,66.8,0.0,0.0,0.0,no_rain,1016.1,3.5,0.19
527,2024-10-09,34.2,20.3,26.8,34.8,20.3,67.8,0.0,0.0,0.0,no_rain,1015.0,4.7,0.22
528,2024-10-10,31.9,20.6,25.6,32.2,20.6,68.4,0.0,0.0,0.0,no_rain,1013.3,12.6,0.25
529,2024-10-11,33.1,20.1,25.6,33.5,20.1,68.1,0.0,0.0,0.0,no_rain,1012.3,4.7,0.29
530,2024-10-12,33.0,20.8,25.9,34.0,20.8,69.6,0.0,0.0,0.0,no_rain,1012.6,6.6,0.33
531,2024-10-13,35.4,19.3,25.6,35.8,19.3,75.1,0.0,0.0,0.0,no_rain,1013.3,14.2,0.36
532,2024-10-14,33.0,20.4,26.1,34.3,20.4,70.8,0.8,100.0,4.17,rain,1012.8,15.4,0.39
533,2024-10-15,31.9,20.0,25.2,30.8,20.0,59.0,0.0,0.0,0.0,no_rain,1013.3,2.1,0.43
534,2024-10-16,30.9,19.2,24.7,30.6,19.2,63.0,0.0,0.0,0.0,no_rain,1014.6,10.1,0.46
535,2024-10-17,31.2,19.9,25.1,31.1,19.9,62.3,0.0,0.0,0.0,rain,1014.0,25.0,0.5
536,2024-10-18,31.3,19.8,24.7,31.2,19.8,64.1,0.0,0.0,0.0,no_rain,1013.5,10.8,0.53
537,2024-10-19,30.9,17.8,23.8,30.0,17.8,57.8,0.0,0.0,0.0,no_rain,1016.3,1.4,0.56
538,2024-10-20,29.4,19.1,23.9,29.0,19.1,58.7,0.0,0.0,0.0,no_rain,1018.6,6.6,0.6
539,2024-10-21,29.1,18.2,22.8,31.0,18.2,62.2,0.0,0.0,0.0,no_rain,1020.1,25.8,0.63
540,2024-10-22,28.5,19.0,23.3,27.7,19.0,49.5,0.0,0.0,0.0,no_rain,1019.0,26.8,0.66
541,2024-10-23,28.4,19.1,23.0,27.3,19.1,44.1,0.0,0.0,0.0,no_rain,1019.3,28.1,0.7
542,2024-10-24,28.1,18.9,23.0,27.0,18.9,42.8,0.0,0.0,0.0,no_rain,1019.0,17.9,0.75
543,2024-10-25,28.6,17.7,22.7,27.7,17.7,46.6,0.0,0.0,0.0,no_rain,1016.8,0.6,0.76
544,2024-10-26,28.9,17.9,22.8,28.0,17.9,53.5,0.0,0.0,0.0,no_rain,1017.0,3.6,0.8
545,2024-10-27,29.6,18.6,23.3,28.5,18.6,56.8,0.0,0.0,0.0,no_rain,1018.7,0.7,0.83
546,2024-10-28,29.4,17.8,22.5,28.4,17.8,66.3,0.0,0.0,0.0,no_rain,1017.4,8.1,0.86
547,2024-10-29,28.1,16.6,21.8,27.4,16.6,64.4,0.0,0.0,0.0,no_rain,1015.3,15.5,0.9
548,2024-10-30,27.8,15.2,21.0,27.0,15.2,61.3,0.0,0.0,0.0,no_rain,1013.3,6.6,0.93
549,2024-10-31,27.4,15.0,21.1,27.0,15.0,63.1,0.0,0.0,0.0,no_rain,1013.3,12.6,0.96
550,2024-11-01,27.2,17.1,21.2,27.2,17.1,67.9,0.2,100.0,8.33,rain,1013.4,21.3,0.0
551,2024-11-02,28.8,16.2,21.3,27.7,16.2,65.8,0.1,100.0,4.17,rain,1014.2,17.2,0.03
552,2024-11-03,27.1,15.7,21.1,26.7,15.7,62.2,0.0,0.0,0.0,no_rain,1016.0,19.8,0.07
553,2024-11-04,27.3,16.0,21.1,27.5,16.0,69.6,0.3,100.0,12.5,rain,1017.0,23.2,0.1
554,2024-11-05,26.4,15.3,20.4,26.4,15.3,64.8,0.0,0.0,0.0,no_rain,1018.3,17.6,0.14
555,2024-11-06,27.2,14.1,20.8,27.1,14.1,66.5,0.0,0.0,0.0,no_rain,1018.7,14.7,0.17
556,2024-11-07,28.2,19.1,23.2,28.2,19.1,68.1,0.0,0.0,0.0,no_rain,1019.7,16.5,0.2
557,2024-11-08,27.8,18.4,22.2,27.8,18.4,70.0,0.0,0.0,0.0,no_rain,1019.0,28.7,0.24
558,2024-11-09,27.5,17.6,21.4,27.2,17.6,69.7,0.0,0.0,0.0,rain,1015.2,39.0,0.25
559,2024-11-10,25.6,15.9,20.4,25.6,15.9,68.1,0.0,0.0,0.0,rain,1015.5,28.9,0.31
560,2024-11-11,26.2,15.8,20.4,26.2,15.8,64.7,0.0,0.0,0.0,no_rain,1019.4,43.0,0.34
561,2024-11-12,26.1,15.7,20.1,26.1,15.7,66.8,0.0,0.0,0.0,no_rain,1020.2,20.8,0.38
562,2024-11-13,26.6,15.3,20.4,26.6,15.3,66.9,0.0,0.0,0.0,no_rain,1021.1,44.0,0.41
563,2024-11-14,27.1,15.4,21.0,27.1,15.4,71.0,0.0,0.0,0.0,no_rain,1019.0,54.5,0.45
564,2024-11-15,27.6,16.2,21.2,27.1,16.2,68.1,0.0,0.0,0.0,no_rain,1016.8,3.7,0.5
565,2024-11-16,28.2,15.2,21.0,27.2,15.2,67.9,0.0,0.0,0.0,no_rain,1017.5,4.4,0.52
566,2024-11-17,26.6,13.5,19.6,26.6,13.5,66.4,0.0,0.0,0.0,no_rain,1014.6,23.2,0.55
567,2024-11-18,24.2,15.2,19.9,24.2,15.2,66.3,0.4,100.0,12.5,rain,1015.5,36.0,0.58
568,2024-11-19,25.3,16.1,19.4,25.3,16.1,76.3,3.5,100.0,25.0,rain,1017.8,31.3,0.61
569,2024-11-20,25.2,14.4,19.2,25.2,14.4,71.1,0.2,100.0,8.33,rain,1017.8,21.8,0.65
570,2024-11-21,27.0,13.8,20.2,26.6,13.8,60.9,0.0,0.0,0.0,no_rain,1017.8,25.5,0.68
571,2024-11-22,28.1,13.5,20.0,28.1,13.5,60.8,0.0,0.0,0.0,no_rain,1018.6,11.3,0.71
572,2024-11-23,28.4,15.7,20.5,27.6,15.7,66.0,0.0,0.0,0.0,no_rain,1018.1,18.3,0.75
573,2024-11-24,20.3,15.9,17.9,20.3,15.9,59.5,0.2,100.0,8.33,rain,1018.5,67.2,0.78
574,2024-11-25,19.1,15.2,16.7,19.1,15.2,51.1,0.0,0.0,0.0,rain,1018.2,70.9,0.81
575,2024-11-26,19.0,13.6,16.3,19.0,13.6,47.3,0.0,0.0,0.0,rain,1020.2,69.7,0.84
576,2024-11-27,21.4,12.7,17.0,21.4,12.7,50.5,0.0,0.0,0.0,no_rain,1022.4,64.8,0.87
577,2024-11-28,22.9,14.0,18.1,22.9,14.0,63.3,0.0,0.0,0.0,rain,1022.8,50.9,0.91
578,2024-11-29,23.2,12.1,17.3,23.2,12.1,70.6,0.0,0.0,0.0,rain,1022.2,27.1,0.94
579,2024-11-30,23.4,13.4,17.7,23.4,13.4,70.1,0.1,100.0,4.17,rain,1022.8,33.5,0.97
580,2024-12-01,23.9,12.5,17.3,23.9,12.5,65.1,0.0,0.0,0.0,no_rain,1021.0,17.3,0.0
581,2024-12-02,23.8,10.9,17.1,23.8,10.9,70.8,0.0,0.0,0.0,no_rain,1018.2,29.8,0.04
582,2024-12-03,24.0,11.4,17.5,24.0,11.4,60.1,0.0,0.0,0.0,no_rain,1016.4,7.3,0.08
583,2024-12-04,22.8,13.6,17.3,22.8,13.6,69.1,0.2,100.0,8.33,rain,1017.9,42.6,0.11
584,2024-12-05,23.4,12.4,17.4,23.4,12.4,70.7,0.0,0.0,0.0,no_rain,1019.5,19.9,0.15
585,2024-12-06,25.3,12.8,18.8,25.3,12.8,70.5,0.0,0.0,0.0,no_rain,1017.5,50.4,0.18
586,2024-12-07,23.9,14.2,18.1,23.9,14.2,71.0,0.0,0.0,0.0,no_rain,1018.5,89.8,0.22
587,2024-12-08,24.9,11.9,17.2,24.9,11.9,54.7,0.0,0.0,0.0,no_rain,1020.2,2.4,0.25
588,2024-12-09,25.2,9.9,17.0,25.2,9.4,58.2,0.0,0.0,0.0,no_rain,1023.3,42.3,0.29
589,2024-12-10,24.7,11.0,17.3,24.7,11.0,77.1,0.0,0.0,0.0,no_rain,1022.2,74.6,0.32
590,2024-12-11,23.6,12.3,17.8,23.6,12.3,79.4,0.0,0.0,0.0,no_rain,1021.1,89.4,0.36
591,2024-12-12,23.5,14.7,18.5,23.5,14.7,72.6,0.0,0.0,0.0,no_rain,1020.2,87.5,0.4
592,2024-12-13,22.7,14.6,18.3,22.7,14.6,61.0,0.0,0.0,0.0,no_rain,1021.7,25.6,0.43
593,2024-12-14,21.7,11.7,16.9,21.7,11.7,59.6,0.0,0.0,0.0,no_rain,1025.2,35.2,0.47
594,2024-12-15,22.0,10.0,15.6,22.0,9.5,64.2,0.0,0.0,0.0,no_rain,1025.6,11.4,0.5
595,2024-12-16,22.3,9.3,15.7,22.3,9.3,70.7,0.0,0.0,0.0,no_rain,1023.7,17.0,0.53
596,2024-12-17,23.0,11.6,16.4,23.0,11.6,69.5,0.0,0.0,0.0,no_rain,1024.3,18.7,0.57
597,2024-12-18,22.4,11.0,16.4,22.4,11.0,69.9,0.0,0.0,0.0,no_rain,1020.8,26.2,0.6
598,2024-12-19,22.7,12.4,16.7,22.7,12.4,67.3,0.1,100.0,4.17,rain,1015.3,27.6,0.63
599,2024-12-20,21.7,12.6,16.5,21.7,12.6,72.9,0.3,100.0,12.5,rain,1017.6,35.2,0.66
600,2024-12-21,22.5,12.3,16.9,22.5,12.3,65.9,0.0,0.0,0.0,no_rain,1021.4,7.6,0.69
601,2024-12-22,22.6,11.7,16.6,22.6,11.7,65.1,0.0,0.0,0.0,rain,1019.6,82.5,0.73
602,2024-12-23,21.4,12.3,16.1,21.4,12.3,63.2,0.0,0.0,0.0,no_rain,1015.1,30.0,0.75
603,2024-12-24,21.4,11.2,15.6,21.4,11.2,53.1,0.0,0.0,0.0,no_rain,1016.4,1.0,0.79
604,2024-12-25,21.8,11.3,15.5,21.8,11.3,44.3,0.0,0.0,0.0,no_rain,1014.1,4.7,0.82
605,2024-12-26,18.8,9.2,13.3,18.8,7.6,41.4,0.0,0.0,0.0,no_rain,1016.1,22.7,0.85
606,2024-12-27,17.8,9.1,13.3,17.8,7.1,47.9,0.0,0.0,0.0,rain,1015.4,20.7,0.89
607,2024-12-28,19.9,10.2,14.1,19.9,10.2,59.9,0.0,0.0,0.0,no_rain,1018.5,34.9,0.92
608,2024-12-29,20.1,9.6,13.9,20.1,8.3,64.9,0.0,0.0,0.0,rain,1020.4,20.1,0.95
609,2024-12-30,17.9,10.7,13.8,17.9,10.7,74.3,0.3,100.0,12.5,rain,1021.8,35.3,0.98
610,2024-12-31,18.8,11.1,14.5,18.8,11.1,71.3,2.2,100.0,33.33,rain,1024.5,39.4,0.0
611,2025-01-01,20.3,9.8,14.5,20.3,9.2,71.4,0.0,0.0,0.0,rain,1028.1,39.5,0.05
612,2025-01-02,21.2,9.2,14.6,21.2,8.1,74.0,0.0,0.0,0.0,no_rain,1027.6,16.5,0.09
613,2025-01-03,20.9,8.9,14.7,20.9,7.7,71.9,0.0,0.0,0.0,no_rain,1024.4,44.9,0.12
614,2025-01-04,20.8,10.9,15.3,20.8,10.9,70.5,0.0,0.0,0.0,no_rain,1018.4,90.5,0.16
615,2025-01-05,21.6,12.9,16.9,21.6,12.9,75.7,0.4,100.0,8.33,rain,1012.1,66.5,0.2
616,2025-01-06,21.6,13.7,17.0,21.6,13.7,70.6,0.0,0.0,0.0,rain,1020.5,25.5,0.23
617,2025-01-07,21.6,11.4,16.1,21.6,11.4,70.3,0.0,0.0,0.0,rain,1024.2,40.7,0.25
618,2025-01-08,22.2,9.7,15.7,22.2,8.9,72.6,0.0,0.0,0.0,no_rain,1022.1,20.7,0.3
619,2025-01-09,23.2,10.8,16.2,23.2,10.8,70.3,0.0,0.0,0.0,no_rain,1016.6,5.3,0.34
620,2025-01-10,21.2,8.7,14.7,21.2,8.7,73.9,0.1,100.0,4.17,rain,1015.0,15.7,0.37
621,2025-01-11,22.0,12.0,16.4,22.0,12.0,71.3,0.0,0.0,0.0,no_rain,1019.6,27.8,0.41
622,2025-01-12,23.2,11.1,16.7,23.2,11.1,71.4,0.0,0.0,0.0,no_rain,1021.8,5.6,0.45
623,2025-01-13,23.9,10.3,16.6,23.9,10.3,69.8,0.0,0.0,0.0,no_rain,1021.3,8.1,0.48
624,2025-01-14,22.9,10.5,15.9,22.9,10.5,81.2,0.0,0.0,0.0,no_rain,1019.1,68.1,0.5
625,2025-01-15,21.3,10.3,15.2,21.3,10.3,82.6,0.0,0.0,0.0,no_rain,1019.7,81.7,0.55
626,2025-01-16,22.5,11.9,16.7,22.5,11.9,77.3,0.0,0.0,0.0,no_rain,1024.2,78.9,0.58
627,2025-01-17,22.0,11.7,16.3,22.0,11.7,75.0,0.0,0.0,0.0,no_rain,1025.5,79.6,0.61
628,2025-01-18,21.8,12.3,16.2,21.8,12.3,69.1,0.0,0.0,0.0,no_rain,1023.0,54.8,0.64
629,2025-01-19,21.2,10.2,15.4,21.2,10.2,71.1,0.0,0.0,0.0,no_rain,1021.0,90.6,0.68
630,2025-01-20,21.7,9.4,15.3,21.7,8.9,77.7,0.0,0.0,0.0,no_rain,1020.6,68.0,0.71
631,2025-01-21,22.6,10.7,16.1,22.6,10.7,75.0,0.3,100.0,8.33,rain,1021.6,65.9,0.75
632,2025-01-22,21.4,12.2,16.5,21.4,12.2,79.2,0.4,100.0,12.5,rain,1020.7,39.2,0.77
633,2025-01-23,20.8,12.1,15.8,20.8,12.1,75.8,0.2,100.0,8.33,rain,1022.2,19.1,0.8
634,2025-01-24,21.7,10.5,15.6,21.7,10.5,70.8,0.0,0.0,0.0,no_rain,1022.3,12.5,0.84
635,2025-01-25,21.3,10.7,15.6,21.3,10.7,71.3,0.0,0.0,0.0,no_rain,1020.6,57.1,0.87
636,2025-01-26,22.1,9.4,15.1,22.1,8.7,70.7,0.0,0.0,0.0,no_rain,1019.6,8.5,0.9
637,2025-01-27,21.9,8.6,15.1,21.9,8.6,76.1,0.0,0.0,0.0,no_rain,1020.7,53.3,0.93
638,2025-01-28,22.1,11.6,16.4,22.1,11.6,62.5,0.0,0.0,0.0,no_rain,1020.3,60.5,0.96
639,2025-01-29,21.8,12.9,16.4,21.8,12.9,58.5,0.0,0.0,0.0,no_rain,1022.8,25.0,0.0
640,2025-01-30,23.3,10.5,16.7,23.3,10.5,69.2,0.0,0.0,0.0,no_rain,1024.1,15.7,0.03
641,2025-01-31,21.6,10.1,15.6,21.6,10.1,67.1,0.0,0.0,0.0,no_rain,1024.4,13.3,0.07
642,2025-02-01,21.4,10.2,15.7,21.4,10.2,68.8,0.0,0.0,0.0,no_rain,1023.8,57.7,0.1
643,2025-02-02,21.6,9.6,15.4,21.6,8.7,72.2,0.0,0.0,0.0,no_rain,1022.2,90.6,0.14
644,2025-02-03,22.1,12.3,16.1,22.1,12.3,73.0,0.0,0.0,0.0,no_rain,1018.5,79.8,0.17
645,2025-02-04,21.7,10.0,15.4,21.7,10.0,73.1,0.0,0.0,0.0,no_rain,1017.0,25.5,0.21
646,2025-02-05,20.7,12.4,15.7,20.7,12.4,65.4,0.1,100.0,4.17,rain,1015.4,65.4,0.25
647,2025-02-06,15.9,12.6,14.0,15.9,12.6,49.5,0.0,0.0,0.0,no_rain,1017.3,89.1,0.28
648,2025-02-07,16.6,11.9,14.1,16.6,11.9,52.2,0.0,0.0,0.0,rain,1021.2,81.7,0.32
649,2025-02-08,17.1,10.4,13.6,17.1,10.4,54.2,0.0,0.0,0.0,no_rain,1022.1,75.9,0.35
650,2025-02-09,17.4,11.3,13.7,17.4,11.3,63.0,0.2,100.0,8.33,rain,1019.4,48.5,0.39
651,2025-02-10,17.6,10.5,13.6,17.6,10.5,65.4,0.2,100.0,8.33,rain,1018.6,43.2,0.42
652,2025-02-11,18.9,10.1,14.0,18.9,10.1,62.0,0.0,0.0,0.0,rain,1019.8,31.4,0.46
653,2025-02-12,17.8,9.9,13.6,17.8,9.0,59.8,0.0,0.0,0.0,rain,1022.3,30.1,0.5
654,2025-02-13,19.0,8.9,13.4,19.0,7.5,56.3,0.0,0.0,0.0,no_rain,1024.2,31.9,0.53
655,2025-02-14,20.1,7.6,13.2,20.1,6.9,62.6,0.0,0.0,0.0,no_rain,1021.9,32.9,0.56
656,2025-02-15,20.5,7.4,14.0,20.5,5.8,67.9,0.0,0.0,0.0,no_rain,1015.7,17.5,0.59
657,2025-02-16,21.4,10.5,15.4,21.4,10.5,65.8,0.1,100.0,4.17,rain,1015.6,11.0,0.62
658,2025-02-17,22.8,9.4,16.0,22.8,8.7,62.3,0.0,0.0,0.0,no_rain,1016.6,12.2,0.66
659,2025-02-18,23.3,9.5,16.1,23.3,8.6,55.6,0.0,0.0,0.0,no_rain,1017.7,48.5,0.69
660,2025-02-19,21.1,11.2,16.0,21.1,11.2,71.5,0.0,0.0,0.0,no_rain,1017.2,59.0,0.72
661,2025-02-20,19.0,13.4,15.5,19.0,13.4,62.5,0.0,0.0,0.0,rain,1018.9,52.9,0.75
662,2025-02-21,17.4,10.6,14.3,17.4,10.6,48.9,0.0,0.0,0.0,rain,1020.8,65.8,0.79
663,2025-02-22,16.6,10.4,13.2,16.6,10.4,51.5,0.0,0.0,0.0,rain,1021.6,58.0,0.82
664,2025-02-23,15.5,8.9,12.1,15.5,8.2,51.3,0.0,0.0,0.0,no_rain,1025.0,68.0,0.85
665,2025-02-24,15.2,7.6,10.9,15.2,6.6,62.4,0.4,100.0,16.67,rain,1026.7,50.9,0.88
666,2025-02-25,16.2,6.3,10.8,16.2,5.7,62.4,0.0,0.0,0.0,no_rain,1025.9,55.8,0.92
667,2025-02-26,19.0,5.5,12.3,19.0,3.9,58.5,0.0,0.0,0.0,no_rain,1023.4,59.1,0.95
668,2025-02-27,20.3,8.1,13.9,20.3,6.6,60.8,0.0,0.0,0.0,no_rain,1023.9,0.3,0.98
669,2025-02-28,21.6,8.0,14.6,21.6,7.1,58.2,0.0,0.0,0.0,no_rain,1020.8,14.1,0.0
670,2025-03-01,20.3,10.1,14.9,20.3,10.1,68.7,0.0,0.0,0.0,rain,1021.6,25.1,0.05
671,2025-03-02,21.8,10.5,16.0,21.8,10.5,66.5,0.0,0.0,0.0,no_rain,1021.9,48.6,0.08
672,2025-03-03,21.6,11.2,15.9,21.6,11.2,73.4,0.0,0.0,0.0,no_rain,1014.9,93.3,0.12
673,2025-03-04,20.9,11.8,15.8,20.9,11.8,68.6,0.0,0.0,0.0,rain,1011.9,46.7,0.15
674,2025-03-05,22.1,12.2,16.6,22.1,12.2,68.6,0.1,100.0,4.17,rain,1015.2,34.0,0.19
675,2025-03-06,22.3,10.8,16.0,22.3,10.8,76.9,1.8,100.0,16.67,rain,1017.0,23.9,0.25
676,2025-03-07,22.9,12.5,17.1,22.9,12.5,68.6,0.0,0.0,0.0,no_rain,1016.3,18.2,0.26
677,2025-03-08,24.3,13.4,18.1,24.3,13.4,67.0,0.0,0.0,0.0,no_rain,1014.5,35.2,0.29
678,2025-03-09,23.2,11.4,17.4,23.2,11.4,65.3,0.3,100.0,4.17,rain,1015.4,38.0,0.33
679,2025-03-10,25.7,12.6,18.1,25.7,12.6,66.7,0.0,0.0,0.0,no_rain,1018.6,7.4,0.36
680,2025-03-11,25.4,12.3,17.9,25.4,12.3,69.7,0.0,0.0,0.0,no_rain,1020.5,0.0,0.4
681,2025-03-12,26.7,11.4,18.5,26.7,11.4,76.1,0.0,0.0,0.0,no_rain,1018.1,5.4,0.43
682,2025-03-13,30.1,14.4,21.0,28.9,14.4,67.7,0.0,0.0,0.0,no_rain,1014.0,53.4,0.47
683,2025-03-14,31.0,13.7,21.8,29.3,13.7,60.9,0.0,0.0,0.0,no_rain,1016.0,2.1,0.5
684,2025-03-15,29.6,14.1,21.0,28.4,14.1,66.3,0.0,0.0,0.0,no_rain,1018.7,0.0,0.54
685,2025-03-16,31.2,14.1,21.6,30.4,14.1,65.4,0.0,0.0,0.0,no_rain,1016.8,0.0,0.57
686,2025-03-17,33.5,14.5,23.2,32.0,14.5,61.9,0.0,0.0,0.0,no_rain,1012.3,43.5,0.6
687,2025-03-18,26.0,16.9,20.7,26.0,16.9,66.3,0.0,0.0,0.0,no_rain,1012.7,20.6,0.64
688,2025-03-19,24.3,15.0,18.5,24.3,15.0,59.2,0.1,100.0,4.17,rain,1016.7,50.8,0.67
689,2025-03-20,17.4,13.6,15.1,17.4,13.6,47.6,0.0,0.0,0.0,no_rain,1019.7,89.7,0.7
690,2025-03-21,19.2,12.1,14.9,19.2,12.1,52.1,0.3,100.0,12.5,rain,1020.8,68.5,0.73
691,2025-03-22,19.2,10.5,15.2,19.2,10.5,51.9,0.0,0.0,0.0,rain,1022.4,45.4,0.75
692,2025-03-23,21.9,8.3,15.3,21.9,7.0,56.2,0.0,0.0,0.0,no_rain,1026.4,2.8,0.8
693,2025-03-24,23.5,10.4,16.9,23.5,10.4,66.7,0.0,0.0,0.0,no_rain,1027.3,0.9,0.83
694,2025-03-25,27.3,12.9,19.1,26.8,12.9,70.5,0.0,0.0,0.0,no_rain,1022.9,0.0,0.87
695,2025-03-26,29.1,13.9,20.7,28.5,13.9,70.8,0.0,0.0,0.0,no_rain,1015.2,42.6,0.9
696,2025-03-27,34.0,16.2,24.0,32.4,16.2,59.5,0.0,0.0,0.0,no_rain,1008.6,64.7,0.93
697,2025-03-28,27.6,17.7,22.9,27.4,17.7,51.1,0.0,0.0,0.0,no_rain,1007.7,42.0,0.97
698,2025-03-29,25.1,14.0,19.4,25.1,14.0,60.7,0.0,0.0,0.0,no_rain,1011.7,25.9,0.0
699,2025-03-30,26.4,12.0,19.7,26.4,12.0,54.5,0.0,0.0,0.0,no_rain,1010.5,5.1,0.03
700,2025-03-31,30.6,15.8,23.3,28.6,15.8,28.3,0.0,0.0,0.0,no_rain,1008.3,31.6,0.07
701,2025-04-01,26.8,15.2,22.2,26.3,15.2,40.6,0.0,0.0,0.0,no_rain,1005.5,58.7,0.1
702,2025-04-02,28.1,14.0,20.8,26.9,14.0,49.2,0.0,0.0,0.0,no_rain,1013.1,2.3,0.14
703,2025-04-03,27.1,12.8,19.6,26.6,12.8,62.9,0.0,0.0,0.0,no_rain,1015.6,7.7,0.17
704,2025-04-04,24.1,12.6,18.2,24.1,12.6,67.7,0.0,0.0,0.0,no_rain,1014.5,28.8,0.2
705,2025-04-05,27.1,11.7,19.7,26.6,11.7,62.9,0.0,0.0,0.0,no_rain,1011.9,2.8,0.25
706,2025-04-06,26.7,15.8,20.3,26.7,15.8,64.7,0.0,0.0,0.0,no_rain,1009.0,38.6,0.27
707,2025-04-07,27.5,14.0,20.2,27.0,14.0,63.9,0.0,0.0,0.0,no_rain,1012.9,61.0,0.31
708,2025-04-08,32.0,16.5,21.8,30.5,16.5,64.8,0.0,0.0,0.0,no_rain,1009.6,54.8,0.34
709,2025-04-09,25.2,16.2,19.8,25.2,16.2,68.2,0.0,0.0,0.0,no_rain,1014.8,22.1,0.38
710,2025-04-10,21.0,15.2,17.7,21.0,15.2,52.7,0.0,0.0,0.0,rain,1017.9,42.2,0.41
711,2025-04-11,20.7,14.9,17.4,20.7,14.9,49.3,0.5,100.0,8.33,rain,1015.1,50.5,0.45
712,2025-04-12,23.0,13.2,17.3,23.0,13.2,57.6,0.0,0.0,0.0,no_rain,1015.0,34.7,0.48
713,2025-04-13,22.2,11.7,17.1,22.2,11.7,59.1,0.7,100.0,16.67,rain,1015.4,43.3,0.5
714,2025-04-14,23.9,13.7,18.3,23.9,13.7,57.2,0.0,0.0,0.0,no_rain,1019.5,16.5,0.55
715,2025-04-15,24.6,14.2,19.1,24.6,14.2,55.6,0.0,0.0,0.0,no_rain,1019.9,64.0,0.58
716,2025-04-16,24.8,12.1,18.7,24.8,12.1,59.1,0.0,0.0,0.0,no_rain,1020.2,4.4,0.61
717,2025-04-17,27.4,13.1,19.8,26.7,13.1,65.2,0.0,0.0,0.0,no_rain,1017.7,31.3,0.65
718,2025-04-18,28.4,14.3,20.7,27.4,14.3,64.4,0.0,0.0,0.0,no_rain,1015.1,49.3,0.68
719,2025-04-19,29.8,12.9,21.1,28.1,12.9,60.7,0.0,0.0,0.0,no_rain,1013.8,7.2,0.72
720,2025-04-20,30.2,13.9,21.6,29.1,13.9,67.3,0.0,0.0,0.0,no_rain,1012.5,23.8,0.75
721,2025-04-21,31.2,14.3,22.5,30.0,14.3,61.4,0.0,0.0,0.0,no_rain,1010.5,55.2,0.75
722,2025-04-22,35.7,21.9,27.0,35.1,21.9,41.9,0.0,0.0,0.0,no_rain,1008.9,31.0,0.82
723,2025-04-23,28.6,19.3,24.6,28.5,19.3,51.0,0.0,0.0,0.0,no_rain,1009.4,87.3,0.85
724,2025-04-24,25.7,16.8,20.9,25.7,16.8,73.2,0.0,0.0,0.0,no_rain,1011.5,77.7,0.89
725,2025-04-25,26.9,15.2,20.4,26.7,15.2,68.8,0.0,0.0,0.0,no_rain,1012.8,10.0,0.92
726,2025-04-26,26.5,14.9,20.5,26.5,14.9,64.9,0.0,0.0,0.0,no_rain,1013.2,26.8,0.95
727,2025-04-27,27.1,14.4,20.2,26.7,14.4,65.6,0.0,0.0,0.0,no_rain,1013.6,15.0,0.0
728,2025-04-28,26.9,14.0,20.7,26.7,14.0,64.8,0.0,0.0,0.0,no_rain,1013.1,2.8,0.02
729,2025-04-29,28.2,15.9,21.3,27.6,15.9,61.5,0.0,0.0,0.0,no_rain,1011.7,32.8,0.05
730,2025-04-30,27.7,17.1,21.0,27.6,17.1,65.5,0.0,0.0,0.0,no_rain,1007.0,28.4,0.09
731,2025-05-01,27.1,13.4,20.1,26.7,13.4,60.6,0.0,0.0,0.0,no_rain,1011.1,31.0,0.12
732,2025-05-02,26.5,12.8,19.7,26.5,12.8,59.4,0.0,0.0,0.0,no_rain,1011.6,40.1,0.15
733,2025-05-03,24.5,14.6,19.0,24.5,14.6,70.3,2.1,100.0,25.0,rain,1012.2,58.9,0.19
734,2025-05-04,24.4,13.5,18.9,24.4,13.5,71.8,0.6,100.0,16.67,rain,1013.2,45.6,0.25
735,2025-05-05,29.3,14.0,21.3,27.9,14.0,60.4,0.0,0.0,0.0,no_rain,1015.4,27.4,0.25
736,2025-05-06,31.7,13.6,22.4,29.6,13.6,54.7,0.0,0.0,0.0,no_rain,1017.3,33.0,0.29
737,2025-05-07,32.8,15.0,23.4,31.0,15.0,56.5,0.0,0.0,0.0,no_rain,1016.8,2.6,0.32
738,2025-05-08,33.9,15.2,24.1,31.8,15.2,52.4,0.0,0.0,0.0,no_rain,1013.9,0.0,0.35
739,2025-05-09,36.9,16.3,25.9,34.6,16.3,47.8,0.0,0.0,0.0,no_rain,1013.4,3.9,0.39
740,2025-05-10,38.0,16.8,26.9,35.6,16.8,48.1,0.0,0.0,0.0,no_rain,1013.2,8.5,0.42
741,2025-05-11,40.9,18.5,29.5,37.8,18.5,36.1,0.0,0.0,0.0,no_rain,1008.7,41.1,0.46
742,2025-05-12,32.5,17.4,23.9,30.3,17.4,56.8,0.0,0.0,0.0,no_rain,1008.8,33.8,0.5
743,2025-05-13,33.8,16.8,23.7,32.0,16.8,56.8,0.0,0.0,0.0,no_rain,1008.6,3.0,0.52
744,2025-05-14,26.7,15.6,20.4,26.7,15.6,57.3,0.0,0.0,0.0,no_rain,1014.0,55.6,0.56
745,2025-05-15,30.5,13.3,21.4,28.5,13.3,46.6,0.0,0.0,0.0,no_rain,1015.9,48.8,0.59
746,2025-05-16,36.2,16.5,25.4,33.4,16.5,37.0,0.0,0.0,0.0,no_rain,1013.8,47.1,0.63
747,2025-05-17,44.8,21.2,30.7,44.8,21.2,28.5,0.0,0.0,0.0,no_rain,1009.2,79.6,0.66
748,2025-05-18,34.8,20.1,26.8,32.6,20.1,40.7,0.0,0.0,0.0,no_rain,1013.0,79.8,0.7
749,2025-05-19,33.3,17.7,24.6,31.0,17.7,45.0,0.0,0.0,0.0,no_rain,1015.3,78.3,0.73
750,2025-05-20,35.6,17.3,25.6,32.9,17.3,36.0,0.0,3.2,0.0,no_rain,1014.3,76.4,0.75
751,2025-05-21,36.8,17.7,26.3,34.2,17.7,34.8,0.0,3.2,0.0,no_rain,1013.0,18.8,0.8
752,2025-05-22,26.0,20.4,22.9,0.0,0.0,70.9,0.0,0.0,0.0,no_rain,1013.7,9.4,0.84
