datetime,tempmax,tempmin,temp,feelslikemax,feelslikemin,humidity,precip,precipprob,precipcover,preciptype,sealevelpressure,cloudcover,uvindex,sunrise,sunset,moonphase
2023-05-01,27.9,14.2,20.1,27,14.2,51.3,0,0,0,,1016.4,0.2,10,2023-05-01T06:10:33,2023-05-01T19:33:16,0.36
2023-05-02,28.6,15,21.2,27.6,15,56.6,0,0,0,,1017.3,0,10,2023-05-02T06:09:38,2023-05-02T19:33:57,0.39
2023-05-03,29.7,16.5,22.6,28.2,16.5,54.3,0,0,0,,1018.2,0,10,2023-05-03T06:08:44,2023-05-03T19:34:38,0.42
2023-05-04,31.7,17,23.5,30.4,17,57.8,0,0,0,,1013.9,11.8,10,2023-05-04T06:07:51,2023-05-04T19:35:18,0.46
2023-05-05,30.4,19.8,24.1,28.8,19.8,51.3,0,0,0,,1007.7,5.2,10,2023-05-05T06:06:59,2023-05-05T19:35:59,0.5
2023-05-06,29,17.9,22.1,28,17.9,63.4,0.3,100,12.5,rain,1011.1,27,7,2023-05-06T06:06:09,2023-05-06T19:36:40,0.52
2023-05-07,25.7,17.4,21.1,25.7,17.4,64.8,0.2,100,8.33,rain,1014,41,7,2023-05-07T06:05:19,2023-05-07T19:37:21,0.56
2023-05-08,26.3,16,20.3,26.3,16,66.3,0,0,0,,1015,39.2,7,2023-05-08T06:04:31,2023-05-08T19:38:01,0.59
2023-05-09,28.9,16.6,21.4,28.1,16.6,65.4,0,0,0,,1013.7,23.8,10,2023-05-09T06:03:44,2023-05-09T19:38:42,0.63
2023-05-10,30.6,17.4,22.2,29.4,17.4,66.7,0,0,0,,1011.4,35.4,10,2023-05-10T06:02:58,2023-05-10T19:39:23,0.67
2023-05-11,31,17.4,22.5,30.4,17.4,71.7,0.6,100,12.5,rain,1008.1,49,8,2023-05-11T06:02:13,2023-05-11T19:40:03,0.7
2023-05-12,29.2,18.8,22.5,28.5,18.8,66.3,0,0,0,,1013.1,5.9,10,2023-05-12T06:01:30,2023-05-12T19:40:44,0.75
2023-05-13,29.2,17.5,21.7,28.2,17.5,65.6,0,0,0,,1018.6,19.5,10,2023-05-13T06:00:47,2023-05-13T19:41:24,0.77
2023-05-14,29.8,18.3,22.7,28.9,18.3,61.9,0,0,0,,1017.2,60.3,10,2023-05-14T06:00:06,2023-05-14T19:42:04,0.81
2023-05-15,31.6,17.7,23.6,30.6,17.7,64.9,0,0,0,,1012.2,28.8,10,2023-05-15T05:59:27,2023-05-15T19:42:44,0.85
2023-05-16,33.4,19.1,24.4,32.1,19.1,65.5,0,0,0,,1008.5,15.3,10,2023-05-16T05:58:48,2023-05-16T19:43:24,0.88
2023-05-17,34.2,18.9,25.5,33,18.9,59.8,0,0,0,,1008.4,1.6,10,2023-05-17T05:58:11,2023-05-17T19:44:03,0.92
2023-05-18,28.2,20,22.8,27.6,20,60.9,0,0,0,,1013.5,37.5,10,2023-05-18T05:57:35,2023-05-18T19:44:43,0.95
2023-05-19,28.5,19.4,22.7,27.7,19.4,55.6,0,0,0,,1013.7,35.2,10,2023-05-19T05:57:01,2023-05-19T19:45:22,0
2023-05-20,29.2,17.6,22.9,28.2,17.6,60,0,0,0,,1012,17.3,10,2023-05-20T05:56:28,2023-05-20T19:46:01,0.02
2023-05-21,33.6,18.4,25.8,32,18.4,51.1,0,0,0,,1007.1,37.7,9,2023-05-21T05:55:56,2023-05-21T19:46:39,0.06
2023-05-22,30.6,21.2,25.8,29.8,21.2,48.4,0,0,0,,1006.5,7.8,10,2023-05-22T05:55:26,2023-05-22T19:47:17,0.09
2023-05-23,33.3,18.6,24.7,31.7,18.6,62.9,0.1,100,4.17,rain,1010.6,9.3,9,2023-05-23T05:54:57,2023-05-23T19:47:55,0.12
2023-05-24,31.3,19.7,24,30.2,19.7,66.8,0,0,0,,1011.1,17.4,9,2023-05-24T05:54:30,2023-05-24T19:48:32,0.15
2023-05-25,31.9,19.8,24,31.2,19.8,65.4,0,0,0,,1012.4,28,10,2023-05-25T05:54:04,2023-05-25T19:49:09,0.18
2023-05-26,32.4,18.8,24.3,31.7,18.8,62,0,0,0,,1010.3,68.2,7,2023-05-26T05:53:39,2023-05-26T19:49:46,0.22
2023-05-27,36.1,22.6,28.5,34.3,22.6,36,0.2,100,4.17,rain,1004.3,56.4,10,2023-05-27T05:53:16,2023-05-27T19:50:22,0.25
2023-05-28,31.3,21.6,25.7,30.4,21.6,52.8,0,0,0,,1005.1,25.9,9,2023-05-28T05:52:54,2023-05-28T19:50:57,0.28
2023-05-29,31.2,20,24.4,30.3,20,64.7,0.2,100,4.17,rain,1010.2,22.2,9,2023-05-29T05:52:34,2023-05-29T19:51:32,0.31
2023-05-30,32.3,19.1,24.6,31,19.1,64,0,0,0,,1013.7,20.4,8,2023-05-30T05:52:15,2023-05-30T19:52:07,0.35
2023-05-31,35.1,19.9,26.5,33.9,19.9,58.5,0,0,0,,1013.1,13.6,10,2023-05-31T05:51:58,2023-05-31T19:52:41,0.38
2023-06-01,36.3,23.5,28.2,35.3,23.5,44.1,0.1,100,4.17,rain,1010.1,70.6,6,2023-06-01T05:51:42,2023-06-01T19:53:14,0.41
2023-06-02,39.3,25.9,31.4,38.4,25.9,34.9,0.2,100,8.33,rain,1007.4,19.3,10,2023-06-02T05:51:28,2023-06-02T19:53:46,0.44
2023-06-03,32,21.5,25.7,32.2,21.5,63.4,0,0,0,,1013.7,14.9,10,2023-06-03T05:51:15,2023-06-03T19:54:18,0.47
2023-06-04,31.2,19.8,24.2,31.2,19.8,67,0,0,0,,1015.5,36.3,10,2023-06-04T05:51:03,2023-06-04T19:54:49,0.5
2023-06-05,31.3,18.6,23.9,30.7,18.6,64,0,0,0,,1013.7,10.7,10,2023-06-05T05:50:53,2023-06-05T19:55:19,0.54
2023-06-06,31.2,19.2,24.2,31.3,19.2,66.6,0,0,0,,1012.3,28.4,10,2023-06-06T05:50:44,2023-06-06T19:55:48,0.58
2023-06-07,33.9,20,25.8,33.6,20,65.5,0,0,0,,1010.7,33.6,10,2023-06-07T05:50:37,2023-06-07T19:56:17,0.61
2023-06-08,37.2,22.7,28.1,36.1,22.7,59.7,0.2,100,4.17,rain,1008.2,82.9,8,2023-06-08T05:50:31,2023-06-08T19:56:45,0.65
2023-06-09,36.2,23.4,27.8,38.5,23.4,60.9,0,0,0,,1005.6,21.5,10,2023-06-09T05:50:27,2023-06-09T19:57:11,0.69
2023-06-10,32,22.6,26.2,32.3,22.6,64,0,0,0,,1008.3,2.6,10,2023-06-10T05:50:24,2023-06-10T19:57:37,0.75
2023-06-11,33.1,20.4,26.1,32.9,20.4,63.4,0,0,0,,1008.8,1.5,10,2023-06-11T05:50:23,2023-06-11T19:58:02,0.76
2023-06-12,33.2,20.4,26.1,33.2,20.4,63.6,0,0,0,,1007.8,12.1,10,2023-06-12T05:50:23,2023-06-12T19:58:26,0.79
2023-06-13,32.6,21.4,25,33.4,21.4,70.4,0.5,100,20.83,rain,1006.8,31.1,8,2023-06-13T05:50:24,2023-06-13T19:58:49,0.83
2023-06-14,31.8,21.5,25.9,32.2,21.5,66.1,0,0,0,,1009.8,15.5,10,2023-06-14T05:50:27,2023-06-14T19:59:11,0.86
2023-06-15,32.4,21.9,26.2,33.2,21.9,65.3,0,0,0,,1012,10.7,10,2023-06-15T05:50:31,2023-06-15T19:59:31,0.9
2023-06-16,37,20.3,28.1,39.8,20.3,59.6,0,0,0,,1009.2,0.9,10,2023-06-16T05:50:36,2023-06-16T19:59:51,0.94
2023-06-17,33,23.1,27.4,33.6,23.1,58.3,0,0,0,,1008.1,9.4,10,2023-06-17T05:50:43,2023-06-17T20:00:09,0.97
2023-06-18,32.3,21.2,25.8,32.5,21.2,64.1,0,0,0,,1011.7,5.3,10,2023-06-18T05:50:51,2023-06-18T20:00:27,0
2023-06-19,31.4,20.8,25.5,31.6,20.8,62.9,0,0,0,,1012.3,25.7,9,2023-06-19T05:51:00,2023-06-19T20:00:43,0.04
2023-06-20,31.2,23.1,26.3,31.6,23.1,65.9,0,0,0,,1012,15.6,10,2023-06-20T05:51:11,2023-06-20T20:00:58,0.07
2023-06-21,33.7,22.3,26.8,34.2,22.3,70.3,0,0,0,,1010.7,14.2,10,2023-06-21T05:51:23,2023-06-21T20:01:11,0.1
2023-06-22,33.6,22.2,26.8,34.1,22.2,68.7,0,0,0,,1010,11.5,10,2023-06-22T05:51:36,2023-06-22T20:01:24,0.14
2023-06-23,34.4,22,27.4,34.3,22,63.6,0,0,0,,1010,0,10,2023-06-23T05:51:50,2023-06-23T20:01:35,0.17
2023-06-24,34.8,21.6,27.7,34.7,21.6,63,0,0,0,,1010.5,0,10,2023-06-24T05:52:05,2023-06-24T20:01:44,0.2
2023-06-25,34.8,22.5,27.7,35,22.5,63.1,0,0,0,,1010,0.1,10,2023-06-25T05:52:22,2023-06-25T20:01:53,0.23
2023-06-26,34.7,21.4,27.4,34.6,21.4,62.6,0,0,0,,1008.5,0,10,2023-06-26T05:52:40,2023-06-26T20:02:00,0.25
2023-06-27,34.3,22.5,27.5,35.4,22.5,66.4,0,0,0,,1008.4,17.2,10,2023-06-27T05:52:58,2023-06-27T20:02:05,0.3
2023-06-28,34.2,22.4,27.5,36.3,22.4,69,0,0,0,,1010,15.4,10,2023-06-28T05:53:18,2023-06-28T20:02:10,0.33
2023-06-29,33.9,22.6,27.6,34,22.6,64.2,0,0,0,,1011.6,0.3,10,2023-06-29T05:53:39,2023-06-29T20:02:12,0.37
2023-06-30,34.4,22.4,27.4,35.4,22.4,69.7,0,0,0,,1010.3,10.1,10,2023-06-30T05:54:01,2023-06-30T20:02:14,0.4
2023-07-01,33.6,23.1,27.9,33.9,23.1,60.7,0,0,0,,1009.3,0.8,10,2023-07-01T05:54:24,2023-07-01T20:02:14,0.43
2023-07-02,34.3,22.7,28,34.4,22.7,59.5,0,0,0,,1010.7,0.5,10,2023-07-02T05:54:47,2023-07-02T20:02:12,0.46
2023-07-03,36.8,21.5,28.6,38.7,21.5,61.5,0,0,0,,1010.8,0,10,2023-07-03T05:55:12,2023-07-03T20:02:09,0.5
2023-07-04,35.6,23.4,28.2,39.1,23.4,65.6,0,0,0,,1010,1.7,10,2023-07-04T05:55:38,2023-07-04T20:02:05,0.53
2023-07-05,33.5,22.3,27.3,35.6,22.3,68.2,0,0,0,,1009.2,11,10,2023-07-05T05:56:04,2023-07-05T20:01:59,0.57
2023-07-06,33.8,24.2,28.2,35.6,24.2,65.6,0,0,0,,1008.1,6.4,10,2023-07-06T05:56:31,2023-07-06T20:01:52,0.6
2023-07-07,34.1,24,28.2,37.2,24,71.4,0,0,0,,1009,9.5,10,2023-07-07T05:56:59,2023-07-07T20:01:43,0.64
2023-07-08,35.1,24.5,29,37.2,24.5,67,0,0,0,,1008.4,2.7,10,2023-07-08T05:57:28,2023-07-08T20:01:33,0.67
2023-07-09,33.6,25,28.5,36.3,25,65.6,0,0,0,,1008.1,0.7,10,2023-07-09T05:57:57,2023-07-09T20:01:21,0.71
2023-07-10,34.6,23.5,28.3,35.9,23.5,66.7,0,0,0,,1008.1,1.3,10,2023-07-10T05:58:28,2023-07-10T20:01:07,0.75
2023-07-11,34.6,25.1,29.2,36.4,25.1,65,0,0,0,,1009.7,2.5,10,2023-07-11T05:58:58,2023-07-11T20:00:53,0.78
2023-07-12,34.8,25.1,29.1,35.5,25.1,65.6,0,0,0,,1011.8,0.4,10,2023-07-12T05:59:30,2023-07-12T20:00:36,0.81
2023-07-13,35,23.2,28.7,36.6,23.2,63.6,0,0,0,,1011.5,0,10,2023-07-13T06:00:02,2023-07-13T20:00:19,0.85
2023-07-14,36.6,22.7,28.9,38.6,22.7,65.4,0,0,0,,1009.3,0.3,10,2023-07-14T06:00:34,2023-07-14T19:59:59,0.88
2023-07-15,37.4,23,29.2,38.4,23,67.4,0,0,0,,1007.6,23.2,10,2023-07-15T06:01:07,2023-07-15T19:59:38,0.92
2023-07-16,38.9,23.5,30.2,42.6,23.5,68.5,0,0,0,,1006.2,0,10,2023-07-16T06:01:41,2023-07-16T19:59:16,0.95
2023-07-17,38.4,24,30.2,44.7,24,73.4,0,0,0,,1006.5,15.1,10,2023-07-17T06:02:15,2023-07-17T19:58:52,0
2023-07-18,37.7,23.7,29.7,41.3,23.7,69.5,0,0,0,,1005.6,2.6,10,2023-07-18T06:02:50,2023-07-18T19:58:27,0.02
2023-07-19,36.9,24.4,29.4,39.9,24.4,71,0,0,0,,1004.6,25.2,10,2023-07-19T06:03:24,2023-07-19T19:58:00,0.05
2023-07-20,36.6,23.7,29.3,38.6,23.7,69.4,0,0,0,,1005.6,0.3,10,2023-07-20T06:04:00,2023-07-20T19:57:32,0.09
2023-07-21,36.7,22.2,28.7,39.9,22.2,69.6,0,0,0,,1008.3,9.4,10,2023-07-21T06:04:35,2023-07-21T19:57:03,0.12
2023-07-22,37.6,23.9,30,42.9,23.9,71.7,0,0,0,,1009.4,0.4,10,2023-07-22T06:05:11,2023-07-22T19:56:32,0.15
2023-07-23,38,25.6,31.1,42.9,25.6,68.1,0,0,0,,1007.9,5.8,10,2023-07-23T06:05:47,2023-07-23T19:55:59,0.19
2023-07-24,38.5,25.3,30.9,44.9,25.3,70.3,0,0,0,,1005,0,10,2023-07-24T06:06:24,2023-07-24T19:55:25,0.22
2023-07-25,37.9,25.4,31,44.2,25.4,65.7,0,0,0,,1003,0,10,2023-07-25T06:07:00,2023-07-25T19:54:50,0.25
2023-07-26,38.1,25.6,31.2,46.1,25.6,66.3,0,0,0,,1004.9,0,10,2023-07-26T06:07:37,2023-07-26T19:54:13,0.25
2023-07-27,38.5,24.2,30.7,40.9,24.2,62.1,0,0,0,,1006.5,0,10,2023-07-27T06:08:14,2023-07-27T19:53:35,0.32
2023-07-28,38.3,22.6,29.5,43.7,22.6,65.2,0,0,0,,1007.7,2,10,2023-07-28T06:08:52,2023-07-28T19:52:56,0.35
2023-07-29,34.4,24.2,28.8,36.4,24.2,66.4,0,0,0,,1007.7,0.4,10,2023-07-29T06:09:29,2023-07-29T19:52:15,0.39
2023-07-30,34.7,24.9,28.9,37.4,24.9,64.1,0,0,0,,1006,2.1,10,2023-07-30T06:10:07,2023-07-30T19:51:33,0.42
2023-07-31,35.1,24.5,28.9,37.9,24.5,66.1,0,0,0,,1004.6,6.8,10,2023-07-31T06:10:44,2023-07-31T19:50:50,0.45
2023-08-01,35.4,23.9,29,38.2,23.9,66.9,0,0,0,,1005.9,0,10,2023-08-01T06:11:22,2023-08-01T19:50:05,0.5
2023-08-02,36,23.4,28.9,38.4,23.4,66.6,0,0,0,,1008.7,0,10,2023-08-02T06:12:00,2023-08-02T19:49:19,0.52
2023-08-03,35.1,23,28.5,37.8,23,67.7,0,0,0,,1010.5,0.5,10,2023-08-03T06:12:37,2023-08-03T19:48:32,0.55
2023-08-04,35.9,23,28.9,37.6,23,64.5,0,0,0,,1010.1,0.1,10,2023-08-04T06:13:15,2023-08-04T19:47:44,0.59
2023-08-05,37.3,22.2,29.2,38.3,22.2,60,0,0,0,,1009,1.8,10,2023-08-05T06:13:53,2023-08-05T19:46:54,0.62
2023-08-06,40.6,24.1,31.3,43.6,24.1,53.1,0,0,0,,1008.4,0,10,2023-08-06T06:14:31,2023-08-06T19:46:04,0.66
2023-08-07,37.3,25.4,30.4,40.8,25.4,63.2,0,0,0,,1008.5,0,9,2023-08-07T06:15:08,2023-08-07T19:45:12,0.69
2023-08-08,34.5,24.6,28.9,37.4,24.6,67.4,0,0,0,,1007.4,11.6,9,2023-08-08T06:15:46,2023-08-08T19:44:19,0.75
2023-08-09,34.7,24.8,29,37.6,24.8,60.7,0,0,0,,1008.4,15.9,9,2023-08-09T06:16:24,2023-08-09T19:43:25,0.76
2023-08-10,34.3,25.6,28.9,36.6,25.6,65.9,0,0,0,,1011.2,17.9,9,2023-08-10T06:17:01,2023-08-10T19:42:30,0.79
2023-08-11,32.5,26,28.5,34.1,26,61.3,0,0,0,,1011.7,37.7,9,2023-08-11T06:17:39,2023-08-11T19:41:33,0.83
2023-08-12,33.2,25.8,28.6,35.2,25.8,63.1,0,0,0,,1009.5,33.6,9,2023-08-12T06:18:16,2023-08-12T19:40:36,0.86
2023-08-13,33.1,25.7,28.6,36.3,25.7,67.6,0,0,0,,1008.9,24.9,9,2023-08-13T06:18:54,2023-08-13T19:39:38,0.9
2023-08-14,33.7,25.6,28.6,36.4,25.6,69.2,0,0,0,,1010.9,12.4,9,2023-08-14T06:19:31,2023-08-14T19:38:38,0.93
2023-08-15,33.8,25.8,28.6,35.7,25.8,68,0,0,0,,1011.9,17.1,9,2023-08-15T06:20:08,2023-08-15T19:37:38,0.96
2023-08-16,33.6,25.3,28.6,36.3,25.3,66,0,0,0,,1009.5,15.2,9,2023-08-16T06:20:45,2023-08-16T19:36:37,0
2023-08-17,34.4,25.6,28.8,38.2,25.6,65.5,0,0,0,,1008.4,18.5,9,2023-08-17T06:21:22,2023-08-17T19:35:35,0.03
2023-08-18,34.6,25,28.7,38.2,25,66.1,0,0,0,,1009,26.3,9,2023-08-18T06:21:59,2023-08-18T19:34:32,0.07
2023-08-19,34,25,28.7,37,25,64.9,0,0,0,,1009.8,14.4,9,2023-08-19T06:22:35,2023-08-19T19:33:28,0.1
2023-08-20,33.3,23.7,28.2,35.1,23.7,63.2,0,0,0,,1009.2,28.5,9,2023-08-20T06:23:12,2023-08-20T19:32:24,0.14
2023-08-21,33.5,25.8,29,35.5,25.8,62.1,0,0,0,,1009.1,30.1,9,2023-08-21T06:23:48,2023-08-21T19:31:18,0.17
2023-08-22,33.6,25.2,28.6,35.3,25.2,62.9,0,0,0,,1009.3,14.2,9,2023-08-22T06:24:24,2023-08-22T19:30:12,0.2
2023-08-23,34.2,23.8,28.2,36.5,23.8,66.3,0,0,0,,1010.3,5.3,9,2023-08-23T06:25:01,2023-08-23T19:29:05,0.24
2023-08-24,34.9,23.5,28.2,36.5,23.5,67.4,0,0,0,,1011,10.7,9,2023-08-24T06:25:37,2023-08-24T19:27:57,0.25
2023-08-25,35.4,23.5,28.8,38.6,23.5,70.7,0,0,0,,1010.4,10.4,9,2023-08-25T06:26:12,2023-08-25T19:26:49,0.31
2023-08-26,36.8,24.6,29.6,40.9,24.6,68.9,0,0,0,,1010.3,4.8,9,2023-08-26T06:26:48,2023-08-26T19:25:39,0.34
2023-08-27,36.2,25.2,29.7,39.9,25.2,69.6,0,0,0,,1009.2,27.8,9,2023-08-27T06:27:24,2023-08-27T19:24:30,0.37
2023-08-28,35.4,24.2,29.2,38.6,24.2,69.5,0,0,0,,1008.1,20.4,8,2023-08-28T06:27:59,2023-08-28T19:23:19,0.41
2023-08-29,35.4,25.8,29.4,38.7,25.8,67.8,0,0,0,,1007,14,9,2023-08-29T06:28:35,2023-08-29T19:22:08,0.44
2023-08-30,37.3,23.4,29.5,40.6,23.4,66.7,0,0,0,,1009.1,2.1,9,2023-08-30T06:29:10,2023-08-30T19:20:57,0.48
2023-08-31,36.8,24.6,29.4,41.1,24.6,71.7,0,0,0,,1012.2,7.8,9,2023-08-31T06:29:45,2023-08-31T19:19:44,0.5
2023-09-01,34.4,25.2,28.9,37.1,25.2,65.7,0,0,0,,1013.4,29.3,9,2023-09-01T06:30:20,2023-09-01T19:18:32,0.54
2023-09-02,35.3,24.6,29.2,37.3,24.6,62.2,0,0,0,,1012.5,4.8,9,2023-09-02T06:30:55,2023-09-02T19:17:19,0.58
2023-09-03,34.9,25.3,29.2,36.9,25.3,61.4,0,0,0,,1010.2,19.9,9,2023-09-03T06:31:30,2023-09-03T19:16:05,0.61
2023-09-04,33.9,24.5,28.7,36.5,24.5,65.5,0,0,0,,1006.8,22,8,2023-09-04T06:32:05,2023-09-04T19:14:51,0.64
2023-09-05,37,24.7,29.9,44.9,24.7,61.1,0,0,0,,1007.2,0.7,9,2023-09-05T06:32:40,2023-09-05T19:13:36,0.68
2023-09-06,39,25.4,31,40.2,25.4,53.1,0,0,0,,1010.5,0,9,2023-09-06T06:33:14,2023-09-06T19:12:22,0.71
2023-09-07,38.8,25.8,31.6,39.9,25.8,52.7,0,0,0,,1008.9,0,9,2023-09-07T06:33:49,2023-09-07T19:11:06,0.75
2023-09-08,38.5,25.7,30.6,41.9,25.7,53.8,0,0,0,,1007.8,0,9,2023-09-08T06:34:23,2023-09-08T19:09:51,0.78
2023-09-09,37.3,25.1,30.2,41.7,25.1,62.5,0,0,0,,1010.1,3.4,9,2023-09-09T06:34:58,2023-09-09T19:08:35,0.81
2023-09-10,37.5,25.3,30.1,38.7,25.3,60.9,0,0,0,,1008.5,0.9,9,2023-09-10T06:35:32,2023-09-10T19:07:19,0.84
2023-09-11,38.5,25.9,31.1,41.6,25.9,53.6,0,0,0,,1004.4,10.5,8,2023-09-11T06:36:07,2023-09-11T19:06:02,0.88
2023-09-12,32.2,26.5,28.9,34,26.5,55.9,0.2,100,4.17,rain,1006.1,51.4,4,2023-09-12T06:36:41,2023-09-12T19:04:46,0.91
2023-09-13,34.4,25.4,29.1,34.2,25.4,60.7,0.1,100,4.17,rain,1011.2,15.8,8,2023-09-13T06:37:16,2023-09-13T19:03:29,0.94
2023-09-14,34.7,22.8,28,35.8,22.8,64.5,0,0,0,,1012,2.2,9,2023-09-14T06:37:50,2023-09-14T19:02:12,0.98
2023-09-15,34.6,22.6,27.5,35,22.6,65.4,0,0,0,,1012.3,9.7,9,2023-09-15T06:38:25,2023-09-15T19:00:55,0
2023-09-16,34.3,22.5,27.3,34.3,22.5,64.5,0,0,0,,1011.9,6.8,9,2023-09-16T06:38:59,2023-09-16T18:59:38,0.05
2023-09-17,36.2,21.8,27.9,36.9,21.8,67.8,0,0,0,,1010.3,1.8,9,2023-09-17T06:39:34,2023-09-17T18:58:20,0.08
2023-09-18,34.8,24.4,28.4,36.4,24.4,67.7,0,0,0,,1009.2,26.8,9,2023-09-18T06:40:08,2023-09-18T18:57:03,0.12
2023-09-19,33.9,23.8,27.7,35.1,23.8,65.3,0,0,0,,1009.9,18.7,8,2023-09-19T06:40:43,2023-09-19T18:55:45,0.15
2023-09-20,33.1,22.9,27.3,33.5,22.9,65.5,0,0,0,,1012.5,15.8,8,2023-09-20T06:41:18,2023-09-20T18:54:28,0.18
2023-09-21,34.1,23.3,27.4,35.5,23.3,66.5,0,0,0,,1012.5,16.2,8,2023-09-21T06:41:53,2023-09-21T18:53:11,0.22
2023-09-22,35.1,22.5,27.6,36.5,22.5,66.8,0,0,0,,1013.2,0.8,9,2023-09-22T06:42:28,2023-09-22T18:51:53,0.25
2023-09-23,35.4,22.8,27.8,35.9,22.8,66.2,0,0,0,,1012.2,0,9,2023-09-23T06:43:03,2023-09-23T18:50:36,0.29
2023-09-24,36,21.8,27.5,36,21.8,66.8,0,0,0,,1010.9,0.1,9,2023-09-24T06:43:38,2023-09-24T18:49:19,0.32
2023-09-25,36.4,23.1,28.2,36.7,23.1,71,0,0,0,,1010.4,16.4,8,2023-09-25T06:44:13,2023-09-25T18:48:01,0.36
2023-09-26,36.3,22.5,28.1,36.5,22.5,67.9,0,0,0,,1010.5,0.9,8,2023-09-26T06:44:49,2023-09-26T18:46:44,0.39
2023-09-27,37,22.1,28.8,37.1,22.1,63.8,0,0,0,,1011.1,4.2,8,2023-09-27T06:45:25,2023-09-27T18:45:28,0.43
2023-09-28,38.1,23.3,29.3,37.9,23.3,67.4,0,0,0,,1013.2,0,8,2023-09-28T06:46:00,2023-09-28T18:44:11,0.46
2023-09-29,36.4,23.2,28.5,38.6,23.2,69.8,0,0,0,,1015.2,17.8,8,2023-09-29T06:46:36,2023-09-29T18:42:55,0.5
2023-09-30,35.2,22.9,28.1,36.6,22.9,61.8,0,0,0,,1014.8,51.9,8,2023-09-30T06:47:13,2023-09-30T18:41:39,0.53
2023-10-01,32.5,24.4,27.3,32.6,24.4,61.6,0,0,0,,1014.2,68.1,7,2023-10-01T06:47:49,2023-10-01T18:40:23,0.56
2023-10-02,31.3,24,26.7,31,24,55.4,0,0,0,,1014.4,83.3,7,2023-10-02T06:48:26,2023-10-02T18:39:08,0.6
2023-10-03,30.7,22.2,26,30.8,22.2,58.7,0,0,0,,1015.2,60.3,6,2023-10-03T06:49:03,2023-10-03T18:37:53,0.63
2023-10-04,32.1,22.6,26.4,32.3,22.6,63.2,1.1,100,12.5,rain,1016.8,81.1,6,2023-10-04T06:49:40,2023-10-04T18:36:38,0.66
2023-10-05,32.3,23.3,27.1,32.9,23.3,60.2,0,0,0,,1017.3,32,7,2023-10-05T06:50:18,2023-10-05T18:35:24,0.69
2023-10-06,32.4,23,26.4,31.8,23,64,0,0,0,,1016.8,32,8,2023-10-06T06:50:55,2023-10-06T18:34:10,0.75
2023-10-07,31.4,21.1,25.5,30.9,21.1,62.3,0,0,0,,1016.4,69.9,8,2023-10-07T06:51:33,2023-10-07T18:32:56,0.76
2023-10-08,32,22.5,26.1,32.1,22.5,58.5,0,0,0,,1016,59.3,7,2023-10-08T06:52:12,2023-10-08T18:31:44,0.79
2023-10-09,32.4,22.9,26.4,33,22.9,61.1,0,0,0,,1015.8,22.2,7,2023-10-09T06:52:51,2023-10-09T18:30:31,0.82
2023-10-10,31.7,21.6,25.9,31.1,21.6,60,0,0,0,,1014.3,19.4,6,2023-10-10T06:53:30,2023-10-10T18:29:20,0.86
2023-10-11,31.7,23,26.1,31,23,59.7,0,0,0,,1014.6,49.7,8,2023-10-11T06:54:09,2023-10-11T18:28:08,0.89
2023-10-12,31.6,21,25.6,30.8,21,58.6,0,0,0,,1016.9,21.6,7,2023-10-12T06:54:49,2023-10-12T18:26:58,0.92
2023-10-13,31.1,21.7,25.4,30.5,21.7,61.5,0,0,0,,1018.5,30.3,6,2023-10-13T06:55:29,2023-10-13T18:25:48,0.96
2023-10-14,30.2,19.8,24.6,29.4,19.8,60.2,0,0,0,,1016.5,22.2,6,2023-10-14T06:56:09,2023-10-14T18:24:39,0
2023-10-15,30,20.7,24.5,29.4,20.7,62,0,0,0,,1014.4,25.1,7,2023-10-15T06:56:50,2023-10-15T18:23:30,0.02
2023-10-16,29.9,20.9,24.5,30.8,20.9,65,0.1,100,4.17,rain,1014.6,28.6,5,2023-10-16T06:57:31,2023-10-16T18:22:22,0.06
2023-10-17,31,19.8,24.7,32,19.8,64.9,0,0,0,rain,1015.7,22.1,6,2023-10-17T06:58:13,2023-10-17T18:21:15,0.09
2023-10-18,30.7,19.5,24.3,30,19.5,65,0,0,0,,1015.9,20,6,2023-10-18T06:58:54,2023-10-18T18:20:09,0.13
2023-10-19,31.8,19.9,24.8,31.6,19.9,65,0,0,0,,1016.5,10.7,7,2023-10-19T06:59:37,2023-10-19T18:19:04,0.16
2023-10-20,31.8,19.1,24.7,30.8,19.1,59.4,0,0,0,,1017.1,0,7,2023-10-20T07:00:20,2023-10-20T18:17:59,0.2
2023-10-21,30.6,19.2,24.2,30.4,19.2,65.5,0,0,0,,1016.8,8.8,7,2023-10-21T07:01:03,2023-10-21T18:16:56,0.23
2023-10-22,31.7,18.9,24.7,31.8,18.9,64.4,0,0,0,,1015.9,6.6,7,2023-10-22T07:01:46,2023-10-22T18:15:53,0.25
2023-10-23,33.1,21.6,25.6,34,21.6,69.7,0,0,0,,1015,2.4,7,2023-10-23T07:02:30,2023-10-23T18:14:51,0.31
2023-10-24,33.2,21,25.7,33,21,72.1,0,0,0,,1013.4,0.7,7,2023-10-24T07:03:15,2023-10-24T18:13:51,0.34
2023-10-25,33.9,20.4,26,34.3,20.4,69.8,0,0,0,,1013.2,0,7,2023-10-25T07:03:59,2023-10-25T18:12:51,0.38
2023-10-26,36.1,21.3,26.2,36.7,21.3,75,0,0,0,,1012.1,34.3,7,2023-10-26T07:04:45,2023-10-26T18:11:52,0.41
2023-10-27,33.3,21.8,26.2,34.2,21.8,76,0,0,0,,1012.2,44.8,6,2023-10-27T06:05:30,2023-10-27T17:10:55,0.45
2023-10-28,33.4,20.4,25.6,33.7,20.4,71.4,0,0,0,,1013.1,0.4,7,2023-10-28T06:06:16,2023-10-28T17:09:58,0.5
2023-10-29,33.2,22.3,26,33.9,22.3,72.9,0,0,0,,1013.3,5.4,7,2023-10-29T06:07:03,2023-10-29T17:09:03,0.52
2023-10-30,33,21.7,26,34.7,21.7,76.3,0,0,0,,1013.7,26.6,7,2023-10-30T06:07:49,2023-10-30T17:08:09,0.55
2023-10-31,32.7,21.2,26.4,32.7,21.2,68.6,0.4,100,4.17,rain,1013.6,56.7,6,2023-10-31T06:08:37,2023-10-31T17:07:16,0.58
2023-11-01,31.6,22.2,25.8,32.4,22.2,70.1,0,0,0,,1015.2,20.9,6,2023-11-01T06:09:24,2023-11-01T17:06:24,0.61
2023-11-02,31.9,21.8,25.3,31.8,21.8,66.9,0,0,0,,1015.8,30.6,7,2023-11-02T06:10:12,2023-11-02T17:05:33,0.65
2023-11-03,32.6,20,25,33.1,20,68.3,0,0,0,,1015.2,17.6,7,2023-11-03T06:11:01,2023-11-03T17:04:44,0.68
2023-11-04,33.5,19.1,24.9,32.2,19.1,68.8,0,0,0,,1014,0,7,2023-11-04T06:11:49,2023-11-04T17:03:56,0.71
2023-11-05,32.7,18.8,23.9,31.8,18.8,76.6,0,0,0,,1015.4,24.6,7,2023-11-05T06:12:38,2023-11-05T17:03:10,0.75
2023-11-06,33.9,18.1,24.1,32.6,18.1,70.9,0,0,0,,1017.6,19.9,7,2023-11-06T06:13:28,2023-11-06T17:02:24,0.78
2023-11-07,31.2,18.4,23.7,31.4,18.4,74.8,0,0,0,,1019,17.6,7,2023-11-07T06:14:17,2023-11-07T17:01:40,0.81
2023-11-08,30.9,19.8,24.2,31.9,19.8,73,0,0,0,,1018,23.3,7,2023-11-08T06:15:07,2023-11-08T17:00:58,0.84
2023-11-09,30.3,19.1,23.6,30.9,19.1,69.3,0,0,0,,1016.8,47.8,7,2023-11-09T06:15:58,2023-11-09T17:00:17,0.87
2023-11-10,30.7,19.4,23.8,31.1,19.4,65.7,0,0,0,,1017.4,60.6,7,2023-11-10T06:16:48,2023-11-10T16:59:37,0.9
2023-11-11,29.9,19.4,23.9,30.5,19.4,70,0.2,100,8.33,rain,1016.4,86.7,6,2023-11-11T06:17:39,2023-11-11T16:58:59,0.94
2023-11-12,30.1,19.8,24.2,31.1,19.8,79.2,1.8,100,20.83,rain,1015.7,34.9,6,2023-11-12T06:18:30,2023-11-12T16:58:23,0.97
2023-11-13,31,20.8,24.5,32.3,20.8,74.2,0.4,100,4.17,rain,1016.4,15.3,6,2023-11-13T06:19:21,2023-11-13T16:57:48,0
2023-11-14,27.4,19.1,22.5,27.7,19.1,70.4,0,0,0,,1014.7,29.4,5,2023-11-14T06:20:13,2023-11-14T16:57:14,0.04
2023-11-15,27.1,19.2,22.4,27.6,19.2,65.9,0.1,100,4.17,rain,1015.5,41.4,4,2023-11-15T06:21:04,2023-11-15T16:56:42,0.07
2023-11-16,28.2,17.1,22.2,28.1,17.1,68.5,0,0,0,,1017.2,12.3,6,2023-11-16T06:21:56,2023-11-16T16:56:12,0.11
2023-11-17,28.7,18.8,23,29.4,18.8,71.9,0,0,0,rain,1017.2,52.6,5,2023-11-17T06:22:48,2023-11-17T16:55:43,0.14
2023-11-18,27.7,19.7,23.1,27.6,19.7,61.5,0,0,0,rain,1014.1,41.5,5,2023-11-18T06:23:40,2023-11-18T16:55:16,0.18
2023-11-19,23.2,16.7,19.9,23.2,16.7,64.7,1.3,100,29.17,rain,1009.8,47.7,4,2023-11-19T06:24:31,2023-11-19T16:54:51,0.22
2023-11-20,23.2,18,20.2,23.2,18,54.2,0,0,0,rain,1015.1,62.7,3,2023-11-20T06:25:23,2023-11-20T16:54:27,0.25
2023-11-21,26.9,15.5,20.4,26.7,15.5,60,0,0,0,,1018.4,18.9,6,2023-11-21T06:26:15,2023-11-21T16:54:05,0.29
2023-11-22,27.1,16,20.3,26.5,16,62.1,0,0,0,,1015.3,54.4,6,2023-11-22T06:27:07,2023-11-22T16:53:44,0.32
2023-11-23,27.7,13.2,19.9,26.8,13.2,61.8,0,0,0,,1014.7,0,6,2023-11-23T06:27:58,2023-11-23T16:53:26,0.36
2023-11-24,28.3,14.8,20.3,27.2,14.8,61.6,0,0,0,,1011.9,11.2,6,2023-11-24T06:28:50,2023-11-24T16:53:09,0.39
2023-11-25,27,14.7,20.7,26.6,14.7,43,0,0,0,,1007.4,62.4,5,2023-11-25T06:29:41,2023-11-25T16:52:53,0.43
2023-11-26,25.1,16.4,20.7,25.1,16.4,40.4,0,0,0,rain,1011.5,12.8,6,2023-11-26T06:30:32,2023-11-26T16:52:40,0.47
2023-11-27,21.5,16.4,18.9,21.5,16.4,56.3,0,0,0,rain,1018.5,54.2,3,2023-11-27T06:31:23,2023-11-27T16:52:28,0.5
2023-11-28,23.4,14.8,18.2,23.4,14.8,56.6,0,0,0,,1020.3,47.5,6,2023-11-28T06:32:14,2023-11-28T16:52:18,0.53
2023-11-29,24.8,13.4,18.2,24.8,13.4,59,0,0,0,,1018.3,12.7,6,2023-11-29T06:33:04,2023-11-29T16:52:10,0.57
2023-11-30,25.9,13.5,18.7,25.9,13.5,68.3,0,0,0,,1019.7,32.4,6,2023-11-30T06:33:54,2023-11-30T16:52:03,0.6
2023-12-01,25.6,14.5,19.4,25.6,14.5,66.8,0,0,0,,1021.5,18.7,6,2023-12-01T06:34:43,2023-12-01T16:51:58,0.63
2023-12-02,25,14.3,19,25,14.3,69.7,0,0,0,,1020.5,11,6,2023-12-02T06:35:32,2023-12-02T16:51:55,0.66
2023-12-03,27.9,16.5,20.8,28.2,16.5,74.7,0,0,0,,1017.6,56.9,6,2023-12-03T06:36:21,2023-12-03T16:51:54,0.69
2023-12-04,27.2,16.5,20.5,27.5,16.5,83.5,0,0,0,,1015.9,43.2,6,2023-12-04T06:37:08,2023-12-04T16:51:54,0.73
2023-12-05,24.8,15,19.1,24.8,15,78.4,0,0,0,,1014.6,39.9,5,2023-12-05T06:37:56,2023-12-05T16:51:57,0.75
2023-12-06,25,15.2,19.4,25,15.2,67.6,0.1,100,4.17,rain,1015.9,16.2,5,2023-12-06T06:38:42,2023-12-06T16:52:01,0.79
2023-12-07,24.6,13.4,17.9,24.6,13.4,59.4,0,0,0,,1017.6,60.9,5,2023-12-07T06:39:28,2023-12-07T16:52:06,0.82
2023-12-08,23.4,13.3,17.3,23.4,13.3,58.2,0,0,0,,1013.3,68.2,4,2023-12-08T06:40:13,2023-12-08T16:52:14,0.85
2023-12-09,23.2,13.6,17.4,23.2,13.6,58,0,0,0,,1014,42.4,4,2023-12-09T06:40:58,2023-12-09T16:52:23,0.89
2023-12-10,24.6,10.1,17.1,24.6,10.1,58.5,0,0,0,,1015.8,6.9,6,2023-12-10T06:41:41,2023-12-10T16:52:34,0.92
2023-12-11,26,12.6,18.2,26,12.6,59.2,0,0,0,,1013.6,21.3,6,2023-12-11T06:42:24,2023-12-11T16:52:46,0.95
2023-12-12,23,11.4,17,23,11.4,66.8,0.5,100,16.67,rain,1015.5,23.1,5,2023-12-12T06:43:06,2023-12-12T16:53:00,0.98
2023-12-13,22.3,15.3,18.4,22.3,15.3,75.5,0.6,100,16.67,rain,1018.4,40.6,4,2023-12-13T06:43:47,2023-12-13T16:53:16,0
2023-12-14,24.3,15.4,19,24.3,15.4,77.9,0,0,0,,1021.7,41.4,4,2023-12-14T06:44:26,2023-12-14T16:53:34,0.05
2023-12-15,25.4,14.1,18.8,25.4,14.1,71.5,0,0,0,,1020.9,22.9,6,2023-12-15T06:45:05,2023-12-15T16:53:53,0.09
2023-12-16,26.6,12.8,18.3,26.6,12.8,70.3,0,0,0,,1019.7,31.8,6,2023-12-16T06:45:43,2023-12-16T16:54:14,0.12
2023-12-17,24.2,12.2,17.7,24.2,12.2,76.8,0,0,0,,1022.8,60.5,5,2023-12-17T06:46:20,2023-12-17T16:54:36,0.16
2023-12-18,23.8,15.6,18.8,23.8,15.6,66.6,0,0,0,,1021.7,54.8,3,2023-12-18T06:46:55,2023-12-18T16:55:00,0.19
2023-12-19,22.8,14.5,17.9,22.8,14.5,68.9,0,0,0,,1020,29.8,5,2023-12-19T06:47:29,2023-12-19T16:55:25,0.25
2023-12-20,23,12.3,17.5,23,12.3,65.4,0,0,0,,1016.2,89.3,4,2023-12-20T06:48:02,2023-12-20T16:55:52,0.26
2023-12-21,21.4,13.9,17,21.4,13.9,61.6,0,0,0,,1011.2,56.6,4,2023-12-21T06:48:34,2023-12-21T16:56:20,0.3
2023-12-22,21.6,12.9,16.6,21.6,12.9,53.1,0,0,0,,1011.9,18,5,2023-12-22T06:49:04,2023-12-22T16:56:50,0.34
2023-12-23,22.3,14.7,18,22.3,14.7,64,0.2,100,8.33,rain,1013.7,50.5,5,2023-12-23T06:49:33,2023-12-23T16:57:21,0.37
2023-12-24,23.3,15.7,18.6,23.3,15.7,73.3,0.3,100,12.5,rain,1018.3,58.8,4,2023-12-24T06:50:01,2023-12-24T16:57:53,0.41
2023-12-25,23.9,13.1,18,23.9,13.1,76.9,0,0,0,rain,1021.7,48.7,5,2023-12-25T06:50:27,2023-12-25T16:58:27,0.44
2023-12-26,23.5,14.9,18.7,23.5,14.9,69.4,0,0,0,,1021.4,49.5,5,2023-12-26T06:50:52,2023-12-26T16:59:02,0.48
2023-12-27,23.8,15.1,18.4,23.8,15.1,74.7,0,0,0,rain,1018.8,29.8,5,2023-12-27T06:51:15,2023-12-27T16:59:39,0.5
2023-12-28,23.4,15.3,18.5,23.4,15.3,79.7,0.7,100,16.67,rain,1021.5,49.7,5,2023-12-28T06:51:37,2023-12-28T17:00:16,0.55
2023-12-29,23.6,13.8,17.8,23.6,13.8,77,0,0,0,,1022.1,28.4,4,2023-12-29T06:51:57,2023-12-29T17:00:55,0.58
2023-12-30,24.2,13.2,17.7,24.2,13.2,74.9,0,0,0,,1021.5,29,5,2023-12-30T06:52:16,2023-12-30T17:01:35,0.61
2023-12-31,22,13.4,17.3,22,13.4,75.5,0.2,100,8.33,rain,1020.9,25.4,5,2023-12-31T06:52:33,2023-12-31T17:02:16,0.64
2024-01-01,23.6,11.8,17,23.6,11.8,72.4,0,0,0,rain,1021.1,36.4,6,2024-01-01T06:52:48,2024-01-01T17:02:58,0.67
2024-01-02,23.1,13.2,17.6,23.1,13.2,74.1,0,0,0,rain,1021.3,25.7,5,2024-01-02T06:53:02,2024-01-02T17:03:41,0.71
2024-01-03,23.1,12.9,17.2,23.1,12.9,73.6,0,0,0,,1021,43.3,5,2024-01-03T06:53:15,2024-01-03T17:04:25,0.74
2024-01-04,23.2,10.9,16.8,23.2,10.9,71.3,0,0,0,,1020.3,13.2,6,2024-01-04T06:53:25,2024-01-04T17:05:10,0.75
2024-01-05,23.7,10.7,16.9,23.7,10.7,69.2,0,0,0,,1021,39.8,6,2024-01-05T06:53:34,2024-01-05T17:05:56,0.8
2024-01-06,24,14.2,18.3,24,14.2,79.9,0,0,0,,1021.2,45.6,5,2024-01-06T06:53:42,2024-01-06T17:06:42,0.84
2024-01-07,24.9,12.5,17.1,24.9,12.5,75.6,0,0,0,,1017.5,23.1,6,2024-01-07T06:53:47,2024-01-07T17:07:30,0.87
2024-01-08,24.3,11.6,16.9,24.3,11.6,56.1,0,0,0,,1017.6,50,6,2024-01-08T06:53:51,2024-01-08T17:08:18,0.9
2024-01-09,21.7,9.5,14.9,21.7,8.2,57,0,0,0,,1016.6,10.2,6,2024-01-09T06:53:53,2024-01-09T17:09:07,0.93
2024-01-10,20.4,8.8,14.4,20.4,7.2,57.5,0,0,0,rain,1017.2,28.1,5,2024-01-10T06:53:54,2024-01-10T17:09:56,0.97
2024-01-11,19.6,12.6,15.6,19.6,12.6,65.6,0.1,100,4.17,rain,1018.3,40.6,4,2024-01-11T06:53:53,2024-01-11T17:10:46,0
2024-01-12,19.2,12.6,15.6,19.2,12.6,65.4,0.2,100,8.33,rain,1016.3,51.3,4,2024-01-12T06:53:50,2024-01-12T17:11:37,0.03
2024-01-13,21.5,10.9,15.2,21.5,10.9,56.1,0,0,0,,1012.2,12.8,6,2024-01-13T06:53:45,2024-01-13T17:12:28,0.07
2024-01-14,19.6,12.2,15.2,19.6,12.2,66.5,0,0,0,,1017.2,36,5,2024-01-14T06:53:39,2024-01-14T17:13:20,0.1
2024-01-15,20.2,10.5,14.6,20.2,10.5,65.8,0,0,0,,1022.4,10.7,6,2024-01-15T06:53:31,2024-01-15T17:14:12,0.14
2024-01-16,20.4,8.9,13.7,20.4,7.8,54.9,0,0,0,,1022.7,20.8,6,2024-01-16T06:53:21,2024-01-16T17:15:05,0.17
2024-01-17,23.5,10.1,15.5,23.5,10.1,53.7,0,0,0,,1020.7,25.8,6,2024-01-17T06:53:10,2024-01-17T17:15:57,0.21
2024-01-18,23.4,10.3,16.2,23.4,10.3,72.5,0,0,0,,1021.8,19.2,6,2024-01-18T06:52:56,2024-01-18T17:16:51,0.25
2024-01-19,24.5,10.2,16.1,24.5,10.2,70.7,0,0,0,,1021.3,3.9,6,2024-01-19T06:52:42,2024-01-19T17:17:44,0.28
2024-01-20,26,10.7,17.4,26,10.7,55.9,0,0,0,,1020,56.3,6,2024-01-20T06:52:25,2024-01-20T17:18:38,0.31
2024-01-21,27.3,14.7,19.4,26.7,14.7,37.6,0,0,0,,1015.6,43.1,6,2024-01-21T06:52:07,2024-01-21T17:19:32,0.35
2024-01-22,22.5,13,17.3,22.5,13,63.2,0,0,0,rain,1015.1,16.6,6,2024-01-22T06:51:47,2024-01-22T17:20:26,0.38
2024-01-23,20.5,14.4,16.8,20.5,14.4,68,0.1,100,4.17,rain,1019.3,42.9,4,2024-01-23T06:51:25,2024-01-23T17:21:20,0.42
2024-01-24,18.7,12.7,15.4,18.7,12.7,66.7,0.3,100,12.5,rain,1020,51.5,4,2024-01-24T06:51:02,2024-01-24T17:22:14,0.45
2024-01-25,18.3,12.6,15,18.3,12.6,70.4,0.5,100,16.67,rain,1019.3,51.8,4,2024-01-25T06:50:37,2024-01-25T17:23:08,0.5
2024-01-26,19.8,12.5,15.2,19.8,12.5,68.7,1.2,100,29.17,rain,1017.9,41.1,4,2024-01-26T06:50:11,2024-01-26T17:24:03,0.52
2024-01-27,19.2,12.1,15.1,19.2,12.1,58.2,0.1,100,4.17,rain,1020.4,52.5,5,2024-01-27T06:49:43,2024-01-27T17:24:57,0.55
2024-01-28,18.8,12.2,14.8,18.8,12.2,62.2,0.1,100,4.17,rain,1021.4,74.3,4,2024-01-28T06:49:13,2024-01-28T17:25:51,0.59
2024-01-29,17.1,9.5,12.7,17.1,8.6,72.9,3,100,25,rain,1020.1,36.7,5,2024-01-29T06:48:42,2024-01-29T17:26:45,0.62
2024-01-30,16,9.4,12.2,16,7.1,66,0.8,100,25,rain,1020.6,34.3,5,2024-01-30T06:48:09,2024-01-30T17:27:39,0.65
2024-01-31,17.1,7.1,11.2,17.1,5.3,67.9,1,100,12.5,rain,1021.5,21.6,6,2024-01-31T06:47:35,2024-01-31T17:28:33,0.69
2024-02-01,16.7,5.3,10.9,16.7,3.7,67.1,0.6,100,16.67,rain,1020.9,28.3,6,2024-02-01T06:46:59,2024-02-01T17:29:27,0.72
2024-02-02,18.1,9,12.7,18.1,7.4,78.6,0.8,100,20.83,rain,1021.5,46.1,5,2024-02-02T06:46:22,2024-02-02T17:30:20,0.75
2024-02-03,18.9,9.7,13.1,18.9,8.6,69.1,0,0,0,,1022.9,21.7,6,2024-02-03T06:45:44,2024-02-03T17:31:14,0.75
2024-02-04,18.7,9.1,13,18.7,7.8,71.9,2.1,100,29.17,rain,1024.2,29.7,6,2024-02-04T06:45:03,2024-02-04T17:32:07,0.82
2024-02-05,18.4,9.3,13.7,18.4,8,76.7,0.5,100,16.67,rain,1024.7,37.1,5,2024-02-05T06:44:22,2024-02-05T17:33:00,0.85
2024-02-06,22.2,9.7,15.5,22.2,8.9,76.9,0,0,0,,1026.5,10.2,6,2024-02-06T06:43:39,2024-02-06T17:33:53,0.88
2024-02-07,22.6,10.1,15.5,22.6,10.1,79.7,0,0,0,,1025,31.1,7,2024-02-07T06:42:55,2024-02-07T17:34:45,0.92
2024-02-08,23.4,9.2,15.4,23.4,8.6,77.7,0,0,0,,1021,22.2,7,2024-02-08T06:42:09,2024-02-08T17:35:37,0.95
2024-02-09,22.8,9.7,15.1,22.8,8.8,74.4,0,0,0,,1018.4,11.4,7,2024-02-09T06:41:23,2024-02-09T17:36:29,0.98
2024-02-10,22.4,9.7,15.2,22.4,8.8,74.1,0,0,0,,1020.2,16,6,2024-02-10T06:40:34,2024-02-10T17:37:20,0
2024-02-11,22.9,9.7,15.7,22.9,8.8,76.3,0,0,0,,1021.3,47.7,7,2024-02-11T06:39:45,2024-02-11T17:38:11,0.05
2024-02-12,24.8,12.2,17.8,24.8,12.2,60,0,0,0,,1015.5,96.2,7,2024-02-12T06:38:55,2024-02-12T17:39:02,0.08
2024-02-13,24,15.3,18.5,24,15.3,49.3,0,0,0,,1009,66.9,7,2024-02-13T06:38:03,2024-02-13T17:39:52,0.12
2024-02-14,20.8,13,15.5,20.8,13,70.7,1.6,100,29.17,rain,1010.1,36.8,6,2024-02-14T06:37:10,2024-02-14T17:40:42,0.15
2024-02-15,19.4,10.8,14,19.4,10.8,76.2,0.4,100,16.67,rain,1010.9,49.1,7,2024-02-15T06:36:16,2024-02-15T17:41:32,0.19
2024-02-16,19.6,11.2,14.5,19.6,11.2,70.1,0,0,0,rain,1015.4,37.7,6,2024-02-16T06:35:21,2024-02-16T17:42:21,0.25
2024-02-17,20.6,11.6,14.9,20.6,11.6,76.2,2.3,100,20.83,rain,1021,36.6,5,2024-02-17T06:34:24,2024-02-17T17:43:10,0.26
2024-02-18,19.5,11.1,14.7,19.5,11.1,77.8,0.5,100,20.83,rain,1022.8,36.6,5,2024-02-18T06:33:27,2024-02-18T17:43:59,0.29
2024-02-19,21,13,16.3,21,13,65.6,0,0,0,rain,1020.8,37.6,6,2024-02-19T06:32:29,2024-02-19T17:44:47,0.32
2024-02-20,20.9,12.7,15.8,20.9,12.7,63.9,0,0,0,,1021,59.3,4,2024-02-20T06:31:29,2024-02-20T17:45:35,0.36
2024-02-21,21.5,8.5,15,21.5,8.5,66.2,0,0,0,,1021.5,37.1,6,2024-02-21T06:30:29,2024-02-21T17:46:22,0.39
2024-02-22,21.7,9.5,14.9,21.7,8.1,70.6,0,0,0,,1021,30.5,8,2024-02-22T06:29:28,2024-02-22T17:47:09,0.43
2024-02-23,20.2,11.9,15.6,20.2,11.9,73.3,0,0,0,,1020.1,97.5,6,2024-02-23T06:28:26,2024-02-23T17:47:56,0.46
2024-02-24,23,13.2,17.6,23,13.2,71.4,0.1,100,4.17,rain,1020.6,42.2,7,2024-02-24T06:27:23,2024-02-24T17:48:42,0.5
2024-02-25,23.6,11.1,16.6,23.6,11.1,71.3,0,0,0,,1020.2,9.7,8,2024-02-25T06:26:19,2024-02-25T17:49:28,0.53
2024-02-26,26.3,11.6,18.1,26.3,11.6,68.7,0,0,0,,1013.1,10.5,8,2024-02-26T06:25:15,2024-02-26T17:50:14,0.56
2024-02-27,21.5,12.9,16.8,21.5,12.9,73.3,0.6,100,16.67,rain,1016,22,6,2024-02-27T06:24:09,2024-02-27T17:50:59,0.6
2024-02-28,23.9,11.9,17.4,23.9,11.9,70.4,0,0,0,,1019.3,3.8,8,2024-02-28T06:23:03,2024-02-28T17:51:44,0.63
2024-02-29,27.3,13.3,18.8,26.4,13.3,61,0,0,0,,1017.8,14.2,8,2024-02-29T06:21:56,2024-02-29T17:52:28,0.66
2024-03-01,30.3,13.9,20.4,28.5,13.9,46.4,0,0,0,,1012.6,20.7,8,2024-03-01T06:20:49,2024-03-01T17:53:12,0.7
2024-03-02,24,16.2,19.2,24,16.2,58,0,0,0,,1014,5.1,8,2024-03-02T06:19:41,2024-03-02T17:53:56,0.73
2024-03-03,22.4,13.7,17.8,22.4,13.7,66.8,0,0,0,,1017,39.3,5,2024-03-03T06:18:32,2024-03-03T17:54:39,0.75
2024-03-04,23.3,11.8,16.6,23.3,11.8,70.2,0,0,0,,1017,8.9,8,2024-03-04T06:17:22,2024-03-04T17:55:22,0.8
2024-03-05,26.9,11.4,18.5,26.4,11.4,61,0,0,0,,1015.3,0,8,2024-03-05T06:16:13,2024-03-05T17:56:05,0.83
2024-03-06,22.9,13.8,17.5,22.9,13.8,69.1,0,0,0,,1016.8,23.6,7,2024-03-06T06:15:02,2024-03-06T17:56:48,0.87
2024-03-07,22.7,12.2,17.2,22.7,12.2,67.9,0,0,0,rain,1018.8,33.8,5,2024-03-07T06:13:51,2024-03-07T17:57:30,0.9
2024-03-08,22,11.1,16.2,22,11.1,65.4,0,0,0,,1018.4,42.1,7,2024-03-08T06:12:40,2024-03-08T17:58:12,0.93
2024-03-09,23.3,11.4,16.4,23.3,11.4,65.8,0,0,0,,1016.9,59.5,8,2024-03-09T06:11:28,2024-03-09T17:58:53,0.97
2024-03-10,22.6,11.3,16.2,22.6,11.3,62.6,0,0,0,,1017.4,2.8,9,2024-03-10T06:10:15,2024-03-10T17:59:35,0
2024-03-11,23.4,11.4,16.7,23.4,11.4,65.6,0,0,0,,1021.6,3.9,9,2024-03-11T06:09:03,2024-03-11T18:00:16,0.03
2024-03-12,25.5,11.8,17.7,25.5,11.8,72.3,0,0,0,,1018.1,3,9,2024-03-12T06:07:50,2024-03-12T18:00:57,0.07
2024-03-13,25.8,11.5,18.1,25.8,11.5,74.1,0,0,0,,1014.8,21.9,9,2024-03-13T06:06:36,2024-03-13T18:01:37,0.1
2024-03-14,24,12.7,17.4,24,12.7,69.1,0,0,0,,1016.8,34.9,8,2024-03-14T06:05:23,2024-03-14T18:02:18,0.14
2024-03-15,23.6,11.1,16.8,23.6,11.1,62.5,0,0,0,,1018,20.8,7,2024-03-15T06:04:09,2024-03-15T18:02:58,0.17
2024-03-16,21.7,11.3,16.2,21.7,11.3,68.7,0.9,100,12.5,rain,1018.4,73.5,6,2024-03-16T06:02:55,2024-03-16T18:03:38,0.2
2024-03-17,22.3,13.7,17.6,22.3,13.7,67.8,0.1,100,4.17,rain,1012.5,51.2,7,2024-03-17T06:01:40,2024-03-17T18:04:18,0.25
2024-03-18,21.6,14,17.1,21.6,14,67.1,1.1,100,12.5,rain,1011.2,53,6,2024-03-18T06:00:26,2024-03-18T18:04:57,0.27
2024-03-19,22.2,12.7,17.1,22.2,12.7,62.2,0,0,0,rain,1014.5,38,7,2024-03-19T05:59:11,2024-03-19T18:05:37,0.3
2024-03-20,26.2,13.1,19.1,26.2,13.1,50.7,0,0,0,,1016.5,0.5,9,2024-03-20T05:57:56,2024-03-20T18:06:16,0.34
2024-03-21,24.9,14.4,18.1,24.9,14.4,54.9,1.1,100,8.33,rain,1015.5,17.5,8,2024-03-21T05:56:41,2024-03-21T18:06:56,0.37
2024-03-22,21.7,12.8,16.8,21.7,12.8,54.8,0,0,0,,1015.5,22.1,9,2024-03-22T05:55:26,2024-03-22T18:07:35,0.4
2024-03-23,22.5,11.3,16.5,22.5,11.3,56,0,0,0,,1013.6,70.1,7,2024-03-23T05:54:11,2024-03-23T18:08:14,0.44
2024-03-24,20.3,12.5,15.9,20.3,12.5,56.9,0.2,100,8.33,rain,1012.7,60.8,7,2024-03-24T05:52:56,2024-03-24T18:08:53,0.47
2024-03-25,23.4,10.9,16.6,23.4,10.9,56.2,0,0,0,,1017.4,10.6,9,2024-03-25T05:51:41,2024-03-25T18:09:31,0.5
2024-03-26,28.3,13.5,20.3,27,13.5,42.2,0,0,0,,1018.7,25.5,9,2024-03-26T05:50:26,2024-03-26T18:10:10,0.54
2024-03-27,31.5,14.7,22.6,29.5,14.7,43.2,0,0,0,,1016.3,34.2,9,2024-03-27T05:49:12,2024-03-27T18:10:49,0.57
2024-03-28,32.8,15.4,23.8,30.6,15.4,42.8,0,0,0,,1014.1,79.4,9,2024-03-28T05:47:57,2024-03-28T18:11:28,0.61
2024-03-29,26.6,16.8,20.9,26.6,16.8,71.9,1.4,100,20.83,rain,1014.8,33.8,9,2024-03-29T05:46:42,2024-03-29T18:12:06,0.64
2024-03-30,28.2,16.7,21.4,27.6,16.7,70.2,0,0,0,,1016.5,30.4,9,2024-03-30T05:45:28,2024-03-30T18:12:45,0.68
2024-03-31,32.1,17,23.6,31.1,17,64.3,0,0,0,,1017.9,36.1,9,2024-03-31T05:44:13,2024-03-31T18:13:23,0.71
2024-04-01,31.4,17.8,23.5,30.3,17.8,60,0,0,0,,1016.5,44.8,9,2024-04-01T05:42:59,2024-04-01T18:14:02,0.75
2024-04-02,30.5,16.4,22.7,29.2,16.4,60,0,0,0,,1014.3,0,9,2024-04-02T05:41:46,2024-04-02T18:14:41,0.75
2024-04-03,31.1,14.9,22.1,29.4,14.9,65.6,0,0,0,,1014.4,9,9,2024-04-03T05:40:32,2024-04-03T18:15:19,0.82
2024-04-04,31.4,15.3,21.3,29.6,15.3,67.9,0,0,0,,1016.1,26.8,9,2024-04-04T05:39:19,2024-04-04T18:15:58,0.85
2024-04-05,28.2,14.1,19.7,27.8,14.1,72.4,0,0,0,,1016.8,26.4,9,2024-04-05T05:38:06,2024-04-05T18:16:36,0.88
2024-04-06,26.7,15.2,20.1,26.7,15.2,69.9,0,0,0,,1015.1,6.5,9,2024-04-06T05:36:53,2024-04-06T18:17:15,0.92
2024-04-07,26.7,16.3,20.4,26.7,16.3,69.6,0,0,0,,1012,23.1,9,2024-04-07T05:35:41,2024-04-07T18:17:54,0.95
2024-04-08,22.9,15.4,18.4,22.9,15.4,78.7,1.4,100,16.67,rain,1009.5,43.9,4,2024-04-08T05:34:29,2024-04-08T18:18:33,0
2024-04-09,24.8,14.6,19,24.8,14.6,68.4,1,100,16.67,rain,1010.9,23.7,7,2024-04-09T05:33:18,2024-04-09T18:19:11,0.02
2024-04-10,24.9,15.4,19.4,24.9,15.4,70.1,0,0,0,,1014.8,25.1,8,2024-04-10T05:32:07,2024-04-10T18:19:50,0.05
2024-04-11,28.4,14.3,20,27.5,14.3,72.2,0,0,0,,1016.8,16.8,9,2024-04-11T05:30:57,2024-04-11T18:20:29,0.09
2024-04-12,28.2,13.7,20.1,27.5,13.7,72.6,0,0,0,,1017,9.8,9,2024-04-12T05:29:47,2024-04-12T18:21:08,0.12
2024-04-13,28.5,16,21.3,28,16,70.2,0,0,0,,1016.2,29.3,9,2024-04-13T05:28:37,2024-04-13T18:21:47,0.15
2024-04-14,29.1,17.4,21.8,28.3,17.4,71.9,0,0,0,,1014.9,12.6,9,2024-04-14T05:27:28,2024-04-14T18:22:27,0.19
2024-04-15,30.5,17.8,22.7,29,17.8,66.3,0,0,0,,1014.9,21.9,9,2024-04-15T05:26:20,2024-04-15T18:23:06,0.25
2024-04-16,30.1,16.1,22.3,28.9,16.1,65.8,0,0,0,,1014.6,22.5,10,2024-04-16T05:25:13,2024-04-16T18:23:45,0.25
2024-04-17,36,17.6,26.9,33.9,17.6,47.2,0,0,0,,1007.8,3.3,10,2024-04-17T05:24:06,2024-04-17T18:24:25,0.28
2024-04-18,29.7,18.8,24.2,29.2,18.8,56.2,0,0,0,,1011.5,1.4,9,2024-04-18T05:23:00,2024-04-18T18:25:05,0.32
2024-04-19,28.6,16.6,21.2,28.1,16.6,66.9,0,0,0,,1013.6,3.6,10,2024-04-19T05:21:54,2024-04-19T18:25:44,0.35
2024-04-20,32.2,16,22.2,31,16,62.3,0,0,0,,1012,19.7,9,2024-04-20T05:20:49,2024-04-20T18:26:24,0.38
2024-04-21,28.4,15.8,21.5,27.6,15.8,60.4,0,0,0,,1015.9,13.8,10,2024-04-21T05:19:45,2024-04-21T18:27:04,0.42
2024-04-22,31.3,16.4,22.8,29.7,16.4,58.1,0,0,0,,1017.6,18.1,10,2024-04-22T05:18:42,2024-04-22T18:27:44,0.45
2024-04-23,34.3,16.6,24.5,32.8,16.6,56.3,0,0,0,,1014.5,42,10,2024-04-23T05:17:39,2024-04-23T18:28:24,0.48
2024-04-24,39.7,20.2,29.7,40.6,20.2,38.2,0,0,0,,1007.6,47.7,10,2024-04-24T05:16:38,2024-04-24T18:29:04,0.5
2024-04-25,32.2,20.9,25,31.9,20.9,52.5,0,0,0,,1006.1,81.1,9,2024-04-25T05:15:37,2024-04-25T18:29:45,0.55
2024-04-26,27.6,18.5,22.8,27,18.5,56.7,0,0,0,,1010.7,54.3,8,2024-04-26T06:14:37,2024-04-26T19:30:25,0.59
2024-04-27,29.3,16.8,21.7,28.2,16.8,64.4,0,0,0,,1011.2,18.7,10,2024-04-27T06:13:38,2024-04-27T19:31:05,0.62
2024-04-28,29.8,18,22.3,28.4,18,64.6,0,0,0,,1012.9,5.5,10,2024-04-28T06:12:40,2024-04-28T19:31:46,0.65
2024-04-29,29.1,17,22.1,28.2,17,65.6,0,0,0,,1013,10.2,10,2024-04-29T06:11:43,2024-04-29T19:32:27,0.69
2024-04-30,29.4,17.7,22.6,28.6,17.7,65.6,0,0,0,,1011.2,23,10,2024-04-30T06:10:47,2024-04-30T19:33:07,0.73
2024-05-01,30.3,18.1,23.7,29.9,18.1,63.9,0,0,0,,1010.8,39.2,9,2024-05-01T06:09:51,2024-05-01T19:33:48,0.75
2024-05-02,30.4,18.5,23.1,29.4,18.5,63.8,0,0,0,,1011.2,50.5,10,2024-05-02T06:08:57,2024-05-02T19:34:29,0.8
2024-05-03,30.6,17.4,23.2,29.5,17.4,65.9,0,0,0,,1011.5,4.1,10,2024-05-03T06:08:04,2024-05-03T19:35:09,0.83
2024-05-04,30.8,18.1,23.7,29.5,18.1,59.2,0,0,0,,1012.3,21.2,10,2024-05-04T06:07:12,2024-05-04T19:35:50,0.87
2024-05-05,26.5,16,21,26.5,16,60.8,0,0,0,,1010.6,24.6,9,2024-05-05T06:06:22,2024-05-05T19:36:31,0.9
2024-05-06,27.1,17.5,21.6,26.7,17.5,60.3,0,0,0,,1013,28.8,7,2024-05-06T06:05:32,2024-05-06T19:37:12,0.94
2024-05-07,28.4,15.5,21.3,27.4,15.5,58.7,0,0,0,,1016,6.2,10,2024-05-07T06:04:43,2024-05-07T19:37:52,0.97
2024-05-08,29.8,13.8,21.7,28.2,13.8,57.6,0,0,0,,1015.5,1.9,10,2024-05-08T06:03:56,2024-05-08T19:38:33,0
2024-05-09,32.9,15.6,23.5,31.2,15.6,60.4,0,0,0,,1010.1,7.9,10,2024-05-09T06:03:09,2024-05-09T19:39:14,0.04
2024-05-10,32.2,20.1,24.9,30.6,20.1,55.4,0,0,0,,1006.5,69.6,8,2024-05-10T06:02:24,2024-05-10T19:39:54,0.07
2024-05-11,29.6,17.4,22.9,28.9,17.4,62,0,0,0,,1011.1,12,10,2024-05-11T06:01:41,2024-05-11T19:40:35,0.1
2024-05-12,27.6,17.3,22.1,27.3,17.3,66.4,0,0,0,,1013.6,27,7,2024-05-12T06:00:58,2024-05-12T19:41:15,0.14
2024-05-13,27.1,17.5,22,26.8,17.5,59.1,0,0,0,,1013.9,16.6,9,2024-05-13T06:00:17,2024-05-13T19:41:55,0.17
2024-05-14,28.8,17.7,22.4,27.8,17.7,58.4,0,0,0,,1013.9,3.6,10,2024-05-14T05:59:37,2024-05-14T19:42:35,0.2
2024-05-15,29.4,15.4,22.5,28.3,15.4,58.6,0,0,0,,1016.2,0,10,2024-05-15T05:58:58,2024-05-15T19:43:15,0.25
2024-05-16,33,16.4,24.2,31.5,16.4,54.4,0,0,0,,1018.2,0,10,2024-05-16T05:58:21,2024-05-16T19:43:55,0.27
2024-05-17,35.1,17.7,25.6,33.5,17.7,51.8,0,0,0,,1018.2,0,10,2024-05-17T05:57:45,2024-05-17T19:44:34,0.3
2024-05-18,38.5,19.5,27.9,36.9,19.5,44.4,0,0,0,,1015.1,10.9,10,2024-05-18T05:57:10,2024-05-18T19:45:13,0.33
2024-05-19,39.5,21,29,38.3,21,44.2,0,0,0,,1012.1,37.4,10,2024-05-19T05:56:36,2024-05-19T19:45:52,0.36
2024-05-20,41.7,23,29.9,40.4,23,42.4,0.5,100,8.33,rain,1009.7,26.6,10,2024-05-20T05:56:05,2024-05-20T19:46:31,0.4
2024-05-21,37,21.5,28.1,36,21.5,55.6,0,0,0,,1011.8,25.7,9,2024-05-21T05:55:34,2024-05-21T19:47:09,0.43
2024-05-22,38.4,21.4,29,38.1,21.4,50.1,0,0,0,,1012.3,5.8,10,2024-05-22T05:55:05,2024-05-22T19:47:47,0.46
2024-05-23,37.1,22.3,28.3,35.9,22.3,51.1,0,0,0,,1011.8,33,10,2024-05-23T05:54:37,2024-05-23T19:48:24,0.5
2024-05-24,31.8,20,25.2,30.5,20,58.7,0,0,0,,1013.2,0.4,10,2024-05-24T05:54:11,2024-05-24T19:49:01,0.53
2024-05-25,31.3,21.5,25.6,30,21.5,52.5,0,0,0,,1012.5,11,10,2024-05-25T05:53:46,2024-05-25T19:49:38,0.56
2024-05-26,35.4,18.6,26.4,33.8,18.6,56.1,0,0,0,,1010.9,19.4,9,2024-05-26T05:53:22,2024-05-26T19:50:14,0.6
2024-05-27,31.2,21.9,26.8,30.6,21.9,46,0,0,0,,1008.9,6.1,10,2024-05-27T05:53:00,2024-05-27T19:50:50,0.64
2024-05-28,30.3,19.2,24.1,29.7,19.2,63.6,0,0,0,,1012.8,32.5,10,2024-05-28T05:52:39,2024-05-28T19:51:25,0.67
2024-05-29,30.8,18.7,24.3,30.3,18.7,59.8,0,0,0,,1013,21.9,9,2024-05-29T05:52:20,2024-05-29T19:51:59,0.71
2024-05-30,31.2,17.8,24.1,30,17.8,56.1,0,0,0,,1014.2,9.8,10,2024-05-30T05:52:03,2024-05-30T19:52:33,0.75
2024-05-31,34.4,18.3,25.9,32.8,18.3,48.9,0,0,0,,1016.4,3,10,2024-05-31T05:51:46,2024-05-31T19:53:07,0.78
2024-06-01,37.4,20.2,28.9,35.7,20.2,35.9,0,0,0,,1016.1,0,10,2024-06-01T05:51:32,2024-06-01T19:53:39,0.82
2024-06-02,34.9,21.1,27.4,34.6,21.1,52.9,0,0,0,,1013.4,0,10,2024-06-02T05:51:18,2024-06-02T19:54:11,0.85
2024-06-03,35.5,21.4,27.6,34.7,21.4,55.7,0,0,0,,1011.1,0,10,2024-06-03T05:51:06,2024-06-03T19:54:42,0.89
2024-06-04,36.9,21.6,28.2,37,21.6,61.4,0,0,0,,1009.8,0,10,2024-06-04T05:50:56,2024-06-04T19:55:13,0.92
2024-06-05,38,21.8,29.2,37.6,21.8,56.7,0,0,0,,1009.1,0,10,2024-06-05T05:50:47,2024-06-05T19:55:42,0.96
2024-06-06,41.3,21,30.3,41.8,21,57.8,0,0,0,,1008.5,2.7,10,2024-06-06T05:50:39,2024-06-06T19:56:11,0
2024-06-07,41.9,22.8,31,43,22.8,57,0,0,0,,1008.1,4.1,10,2024-06-07T05:50:33,2024-06-07T19:56:39,0.03
2024-06-08,36.5,24.7,29.2,38.8,24.7,61.8,0,0,0,,1006.6,0.6,10,2024-06-08T05:50:29,2024-06-08T19:57:06,0.06
2024-06-09,34.2,23.2,27.8,34.5,23.2,67,0,0,0,,1007,8.4,10,2024-06-09T05:50:26,2024-06-09T19:57:32,0.09
2024-06-10,35.6,22.4,27.9,37.4,22.4,67.9,0,0,0,,1009.6,3.9,10,2024-06-10T05:50:24,2024-06-10T19:57:57,0.12
2024-06-11,36.3,21.8,28.2,37,21.8,63.3,0,0,0,,1010.9,12.2,10,2024-06-11T05:50:23,2024-06-11T19:58:21,0.16
2024-06-12,37.5,22,29,38.7,22,62.6,0,0,0,,1011.4,0,10,2024-06-12T05:50:24,2024-06-12T19:58:44,0.19
2024-06-13,40,23.4,31,43.2,23.4,59.1,0,0,0,,1011,0,10,2024-06-13T05:50:27,2024-06-13T19:59:06,0.22
2024-06-14,41.4,23.9,31.6,43.1,23.9,59.4,0,0,0,,1008.4,0,10,2024-06-14T05:50:30,2024-06-14T19:59:27,0.25
2024-06-15,41.9,24.9,31.5,42.4,24.9,55.2,0,0,0,,1006.8,0,10,2024-06-15T05:50:36,2024-06-15T19:59:47,0.29
2024-06-16,36.3,23.7,28.8,36.6,23.7,63.8,0,0,0,,1008.7,0,10,2024-06-16T05:50:42,2024-06-16T20:00:06,0.32
2024-06-17,35,22.2,28.1,35.4,22.2,63.4,0,0,0,,1010.1,0,10,2024-06-17T05:50:50,2024-06-17T20:00:23,0.35
2024-06-18,34.9,23,28,36.2,23,66.4,0,0,0,,1009.8,13.7,10,2024-06-18T05:50:59,2024-06-18T20:00:40,0.38
2024-06-19,35.7,23.2,28.3,37.3,23.2,67.8,0,0,0,,1008.8,10.5,10,2024-06-19T05:51:09,2024-06-19T20:00:55,0.41
2024-06-20,36.1,22.7,28.9,37.6,22.7,64.9,0,0,0,,1008.3,1.6,10,2024-06-20T05:51:20,2024-06-20T20:01:09,0.45
2024-06-21,35.6,22.7,28.5,37.5,22.7,67.4,0,0,0,,1007.2,1.8,10,2024-06-21T05:51:33,2024-06-21T20:01:21,0.48
2024-06-22,36.1,23.8,29.3,38.2,23.8,64.7,0,0,0,,1005,7.3,10,2024-06-22T05:51:47,2024-06-22T20:01:33,0.5
2024-06-23,38.4,24.7,30.2,39.1,24.7,61.7,0,0,0,,1005.2,0.2,10,2024-06-23T05:52:02,2024-06-23T20:01:43,0.55
2024-06-24,38.9,23.5,30.3,41,23.5,61.6,0,0,0,,1007,0,10,2024-06-24T05:52:19,2024-06-24T20:01:52,0.58
2024-06-25,37,23.3,29.4,37.2,23.3,62.1,0,0,0,,1007.5,0.1,10,2024-06-25T05:52:36,2024-06-25T20:01:59,0.62
2024-06-26,36,24.2,29.1,38.8,24.2,66.4,0,0,0,,1006.6,22.1,10,2024-06-26T05:52:54,2024-06-26T20:02:05,0.66
2024-06-27,38.1,23.4,29.4,40.6,23.4,71.1,0,0,0,,1006.5,27.8,10,2024-06-27T05:53:14,2024-06-27T20:02:09,0.69
2024-06-28,37.6,23.8,29.7,40.4,23.8,67,0,0,0,,1005.9,4.6,10,2024-06-28T05:53:35,2024-06-28T20:02:13,0.73
2024-06-29,35.1,25,29,37.4,25,67.6,0,0,0,,1003.8,18.9,10,2024-06-29T05:53:56,2024-06-29T20:02:14,0.75
2024-06-30,35.1,24.2,29,37.5,24.2,65.4,0,0,0,,1004.3,14.1,9,2024-06-30T05:54:19,2024-06-30T20:02:15,0.8
2024-07-01,36.2,24.3,29.4,37.9,24.3,68.1,0,0,0,,1006.4,1.4,10,2024-07-01T05:54:42,2024-07-01T20:02:14,0.84
2024-07-02,35.7,23.9,29.5,37.8,23.9,62.8,0,0,0,,1005,3.3,10,2024-07-02T05:55:07,2024-07-02T20:02:11,0.87
2024-07-03,36.5,22.9,29.2,38,22.9,61,0,0,0,,1004.9,0,10,2024-07-03T05:55:32,2024-07-03T20:02:07,0.91
2024-07-04,38.4,23.7,29.9,40.3,23.7,60.7,0,0,0,,1006.3,1.7,10,2024-07-04T05:55:58,2024-07-04T20:02:01,0.94
2024-07-05,34.9,23.7,29.1,36.6,23.7,65.9,0,0,0,,1008.5,0,10,2024-07-05T05:56:25,2024-07-05T20:01:54,0.98
2024-07-06,33.6,23.9,28.5,35.1,23.9,65.5,0,0,0,,1006.7,20.9,9,2024-07-06T05:56:53,2024-07-06T20:01:46,0
2024-07-07,35.8,24.1,29,37.3,24.1,68.7,0,0,0,,1005.5,1.3,10,2024-07-07T05:57:22,2024-07-07T20:01:36,0.05
2024-07-08,36,25.1,29.8,39.9,25.1,69.3,0,0,0,,1004.9,23.2,10,2024-07-08T05:57:51,2024-07-08T20:01:25,0.08
2024-07-09,36.6,25.4,30,42.6,25.4,71.2,0,0,0,,1004.7,22.8,9,2024-07-09T05:58:21,2024-07-09T20:01:12,0.11
2024-07-10,37.4,24.7,30.1,41.7,24.7,72,0,0,0,,1005.5,23.8,10,2024-07-10T05:58:52,2024-07-10T20:00:57,0.14
2024-07-11,39.1,23.9,30.3,43.2,23.9,72.5,0,0,0,,1007.5,7.4,10,2024-07-11T05:59:23,2024-07-11T20:00:41,0.18
2024-07-12,37.7,24.8,30.2,42.7,24.8,70.2,0,0,0,,1007.2,8.9,10,2024-07-12T05:59:55,2024-07-12T20:00:24,0.21
2024-07-13,35.9,24.4,30,43.3,24.4,66.4,0,0,0,,1006.9,0.3,10,2024-07-13T06:00:27,2024-07-13T20:00:05,0.24
2024-07-14,34.9,25.1,29.7,39.2,25.1,69.6,0,0,0,,1005.8,3.9,9,2024-07-14T06:01:00,2024-07-14T19:59:44,0.25
2024-07-15,35.6,25.2,29.9,40.3,25.2,69.5,0,0,0,,1005,5.8,9,2024-07-15T06:01:34,2024-07-15T19:59:22,0.3
2024-07-16,35.7,24,29.4,38.9,24,67.2,0,0,0,,1005.7,0,10,2024-07-16T06:02:08,2024-07-16T19:58:59,0.34
2024-07-17,35.7,23.5,29.1,40.2,23.5,71.9,0,0,0,,1007,2.8,10,2024-07-17T06:02:42,2024-07-17T19:58:34,0.37
2024-07-18,35.8,23.1,28.9,39.5,23.1,72.3,0,0,0,,1007.3,17.1,10,2024-07-18T06:03:17,2024-07-18T19:58:08,0.4
2024-07-19,36.5,23.4,29.4,40.9,23.4,68.9,0,0,0,,1005.3,9.2,10,2024-07-19T06:03:52,2024-07-19T19:57:40,0.43
2024-07-20,36.6,24.5,30.2,43,24.5,67.8,0,0,0,,1003.8,0,9,2024-07-20T06:04:27,2024-07-20T19:57:11,0.47
2024-07-21,37,25.1,30.5,43.8,25.1,73.2,0,0,0,,1006.1,8.7,9,2024-07-21T06:05:03,2024-07-21T19:56:40,0.5
2024-07-22,37.4,25.3,30.8,42.8,25.3,67.9,0,0,0,,1006.9,9.2,10,2024-07-22T06:05:39,2024-07-22T19:56:08,0.53
2024-07-23,36.4,25.1,30.2,42.8,25.1,72.1,0,0,0,,1007,16.7,10,2024-07-23T06:06:16,2024-07-23T19:55:34,0.57
2024-07-24,36.8,25.6,30.5,42.1,25.6,70.6,0,0,0,,1005.2,23.8,10,2024-07-24T06:06:52,2024-07-24T19:54:59,0.6
2024-07-25,38.3,24.7,30.4,42.3,24.7,67.1,0,0,0,,1002.6,0.4,9,2024-07-25T06:07:29,2024-07-25T19:54:23,0.64
2024-07-26,35.2,25.7,29.9,39.4,25.7,67.7,0,0,0,,1004.4,9.9,9,2024-07-26T06:08:06,2024-07-26T19:53:45,0.68
2024-07-27,35.1,26.4,30.1,39.3,26.4,64.4,0,0,0,,1006.7,18.6,9,2024-07-27T06:08:43,2024-07-27T19:53:06,0.71
2024-07-28,35.9,23.3,29.2,43.8,23.3,71.5,0,0,0,,1008.6,11.1,10,2024-07-28T06:09:21,2024-07-28T19:52:26,0.75
2024-07-29,36,25.5,30.1,40.2,25.5,67.9,0,0,0,,1006.4,0.6,10,2024-07-29T06:09:58,2024-07-29T19:51:44,0.78
2024-07-30,36.1,24.5,29.8,40.4,24.5,70.2,0,0,0,,1004.1,15.4,10,2024-07-30T06:10:36,2024-07-30T19:51:01,0.82
2024-07-31,36.5,24.4,30,41.6,24.4,72,0,0,0,,1005.2,4.9,10,2024-07-31T06:11:14,2024-07-31T19:50:17,0.85
2024-08-01,35.8,25.2,29.9,40.3,25.2,72.2,0,0,0,,1006.6,6.3,10,2024-08-01T06:11:51,2024-08-01T19:49:31,0.89
2024-08-02,36,23.8,29.2,37.7,23.8,71.3,0,0,0,,1006.9,14.4,10,2024-08-02T06:12:29,2024-08-02T19:48:44,0.93
2024-08-03,35,24.8,29.3,39,24.8,65.5,0,0,0,,1006.1,3.2,9,2024-08-03T06:13:07,2024-08-03T19:47:56,0.96
2024-08-04,34.3,22,28.4,37.1,22,63.7,0,0,0,,1006.8,2.2,10,2024-08-04T06:13:44,2024-08-04T19:47:07,0
2024-08-05,35.2,21.1,28.4,38.7,21.1,66.3,0,0,0,,1006.4,5.8,10,2024-08-05T06:14:22,2024-08-05T19:46:17,0.03
2024-08-06,35.5,22.3,28.9,39.5,22.3,70.1,0,0,0,,1006.4,4.8,10,2024-08-06T06:15:00,2024-08-06T19:45:25,0.06
2024-08-07,36.1,24.8,29.9,39.5,24.8,68.6,0,0,0,,1006.8,7.1,9,2024-08-07T06:15:38,2024-08-07T19:44:32,0.09
2024-08-08,36.1,24.1,29.6,40.5,24.1,71.4,0,0,0,,1007.9,0,9,2024-08-08T06:16:15,2024-08-08T19:43:39,0.13
2024-08-09,36.1,23.6,29.5,39.4,23.6,69.2,0,0,0,,1009.1,1.6,9,2024-08-09T06:16:53,2024-08-09T19:42:44,0.16
2024-08-10,35.6,23.4,29.2,39.5,23.4,67.9,0,0,0,,1010.2,2.7,9,2024-08-10T06:17:31,2024-08-10T19:41:48,0.19
2024-08-11,36.1,24.9,29.7,41.2,24.9,70.9,0,0,0,,1008.4,18.7,9,2024-08-11T06:18:08,2024-08-11T19:40:51,0.23
2024-08-12,36.1,24.3,29.8,38.8,24.3,65.4,0,0,0,,1007,5.6,9,2024-08-12T06:18:45,2024-08-12T19:39:53,0.25
2024-08-13,35.5,23.8,29.3,38,23.8,65.2,0,0,0,,1007.5,1.9,9,2024-08-13T06:19:23,2024-08-13T19:38:54,0.29
2024-08-14,35.9,23.4,29.2,40.3,23.4,67.6,0,0,0,,1008.4,19.2,9,2024-08-14T06:20:00,2024-08-14T19:37:54,0.32
2024-08-15,36.7,23.7,30,41.1,23.7,66,0,0,0,,1008.8,1.7,9,2024-08-15T06:20:37,2024-08-15T19:36:53,0.36
2024-08-16,36.7,24.7,30.1,40.9,24.7,71.1,0,0,0,,1006.5,9.2,9,2024-08-16T06:21:14,2024-08-16T19:35:51,0.39
2024-08-17,37,25.5,30.6,41.2,25.5,67.7,0,0,0,,1004.4,2.3,9,2024-08-17T06:21:51,2024-08-17T19:34:48,0.42
2024-08-18,36.2,25.6,30,40.2,25.6,69.1,0,0,0,,1005.6,30.1,9,2024-08-18T06:22:27,2024-08-18T19:33:44,0.45
2024-08-19,35.6,24.3,29,38.8,24.3,70,0,0,0,,1008.5,5.3,9,2024-08-19T06:23:04,2024-08-19T19:32:40,0.5
2024-08-20,35.7,22.9,28.6,39.2,22.9,68.4,0,0,0,,1009.2,5.2,9,2024-08-20T06:23:40,2024-08-20T19:31:35,0.52
2024-08-21,36.9,22.5,29.3,41.5,22.5,66.2,0,0,0,,1007.2,0,9,2024-08-21T06:24:16,2024-08-21T19:30:29,0.56
2024-08-22,35.6,24.2,29.8,39.8,24.2,69.1,0,0,0,,1006.7,2.8,9,2024-08-22T06:24:53,2024-08-22T19:29:22,0.59
2024-08-23,35.2,25.1,29.6,38.3,25.1,67.2,0,0,0,,1008.7,17.1,8,2024-08-23T06:25:29,2024-08-23T19:28:14,0.63
2024-08-24,35.3,24.8,29.7,39.2,24.8,67.8,0,0,0,,1009.1,6.8,9,2024-08-24T06:26:05,2024-08-24T19:27:06,0.66
2024-08-25,36.7,25.4,30.2,40.6,25.4,68.1,0,0,0,,1007,19.5,9,2024-08-25T06:26:40,2024-08-25T19:25:57,0.7
2024-08-26,36.6,24.4,30.1,40.6,24.4,67.9,0,0,0,,1007.3,3.6,8,2024-08-26T06:27:16,2024-08-26T19:24:47,0.75
2024-08-27,36.3,24.4,30,39.2,24.4,62.6,0,0,0,,1009.6,0,9,2024-08-27T06:27:52,2024-08-27T19:23:37,0.77
2024-08-28,34.1,22.6,28.5,36.8,22.6,66,0,0,0,,1012.2,22.5,9,2024-08-28T06:28:27,2024-08-28T19:22:26,0.8
2024-08-29,35.5,24,29.2,39.5,24,65,0,0,0,,1012.1,1.4,9,2024-08-29T06:29:02,2024-08-29T19:21:15,0.84
2024-08-30,34.9,24.6,29.2,38.4,24.6,64.6,0,0,0,,1011.8,13.8,9,2024-08-30T06:29:37,2024-08-30T19:20:03,0.87
2024-08-31,35.4,24,29.4,39.8,24,63.8,0,0,0,,1011.2,11.7,9,2024-08-31T06:30:13,2024-08-31T19:18:50,0.91
2024-09-01,35,25.1,29.8,38.9,25.1,62.9,0,0,0,,1010.3,11.7,9,2024-09-01T06:30:48,2024-09-01T19:17:37,0.94
2024-09-02,36.3,24.2,29.6,39.1,24.2,65,0,0,0,,1012.2,2.7,9,2024-09-02T06:31:22,2024-09-02T19:16:24,0.98
2024-09-03,34.9,24.9,29.3,36.8,24.9,66.2,0,0,0,,1012.9,1.9,8,2024-09-03T06:31:57,2024-09-03T19:15:10,0
2024-09-04,33.4,24,28.7,35.4,24,62.5,0,0,0,,1011.6,24.7,7,2024-09-04T06:32:32,2024-09-04T19:13:55,0.04
2024-09-05,34.3,24.8,29,37.6,24.8,62.7,0,0,0,,1009.3,29.2,8,2024-09-05T06:33:07,2024-09-05T19:12:40,0.08
2024-09-06,35,25.1,29.4,37.2,25.1,62.9,0,0,0,,1009.2,19.8,8,2024-09-06T06:33:41,2024-09-06T19:11:25,0.11
2024-09-07,35.2,23.9,29.4,40.2,23.9,65.3,0,0,0,,1010.1,18.1,9,2024-09-07T06:34:16,2024-09-07T19:10:10,0.14
2024-09-08,36.2,24.2,29.6,38,24.2,65.9,0,0,0,,1009.3,9.6,9,2024-09-08T06:34:50,2024-09-08T19:08:54,0.18
2024-09-09,35.1,23.5,28.7,37,23.5,66.8,0,0,0,,1009.7,6.7,9,2024-09-09T06:35:25,2024-09-09T19:07:38,0.21
2024-09-10,36.1,22.9,29.1,37.3,22.9,61.6,0,0,0,,1009,2.1,9,2024-09-10T06:35:59,2024-09-10T19:06:22,0.24
2024-09-11,39,25.2,31.5,42.7,25.2,50.6,0,0,0,,1008.6,7.8,9,2024-09-11T06:36:34,2024-09-11T19:05:05,0.25
2024-09-12,38.2,25.7,30.5,41.3,25.7,56.2,0,0,0,,1010.5,8.2,9,2024-09-12T06:37:08,2024-09-12T19:03:48,0.31
2024-09-13,34.6,25.3,29.3,37.1,25.3,61.4,0,0,0,,1011.4,6.9,8,2024-09-13T06:37:43,2024-09-13T19:02:31,0.34
2024-09-14,34.4,23.9,28.8,35.1,23.9,60.8,0,0,0,,1010.8,9.3,9,2024-09-14T06:38:17,2024-09-14T19:01:14,0.38
2024-09-15,35,24.6,29,37.8,24.6,65.7,0,0,0,,1010,15,8,2024-09-15T06:38:52,2024-09-15T18:59:57,0.41
2024-09-16,33.8,25.4,29,34.8,25.4,57.3,0,0,0,,1010.7,18.5,7,2024-09-16T06:39:26,2024-09-16T18:58:40,0.44
2024-09-17,32.6,23.1,27.3,33.7,23.1,58.9,0,0,0,,1013.7,24.6,7,2024-09-17T06:40:01,2024-09-17T18:57:22,0.48
2024-09-18,34,21.6,27.3,33.8,21.6,59.4,0,0,0,,1014.4,1.4,8,2024-09-18T06:40:35,2024-09-18T18:56:05,0.5
2024-09-19,37.1,22.7,28.9,38,22.7,55.4,0,0,0,,1012,0,8,2024-09-19T06:41:10,2024-09-19T18:54:47,0.54
2024-09-20,38.9,25.7,30.1,41.6,25.7,53.4,0,0,0,,1010.7,2,8,2024-09-20T06:41:45,2024-09-20T18:53:30,0.58
2024-09-21,33.5,24,28,33.3,24,57.4,0,0,0,,1012.6,40.7,8,2024-09-21T06:42:20,2024-09-21T18:52:12,0.61
2024-09-22,32.3,23.6,27.1,32.3,23.6,57.2,0,0,0,,1013,19.2,7,2024-09-22T06:42:55,2024-09-22T18:50:55,0.65
2024-09-23,31.4,22.8,26.7,31.1,22.8,54.4,0,0,0,,1012.9,34.7,7,2024-09-23T06:43:30,2024-09-23T18:49:38,0.68
2024-09-24,32.8,20.4,26.3,34.7,20.4,58.3,0,0,0,,1014.1,3.8,8,2024-09-24T06:44:06,2024-09-24T18:48:21,0.75
2024-09-25,32.7,21.6,26.4,32.8,21.6,62.1,0,0,0,,1014.4,12.7,8,2024-09-25T06:44:41,2024-09-25T18:47:04,0.75
2024-09-26,33.2,21.1,26.5,34,21.1,63.2,0,0,0,,1012.4,12.5,8,2024-09-26T06:45:17,2024-09-26T18:45:47,0.78
2024-09-27,34.4,20.6,26.8,34.8,20.6,64.2,0,0,0,,1010.9,0,8,2024-09-27T06:45:52,2024-09-27T18:44:30,0.82
2024-09-28,34.7,20.3,26.8,34.2,20.3,64.8,0,0,0,,1010.6,0,8,2024-09-28T06:46:28,2024-09-28T18:43:14,0.85
2024-09-29,33.7,22.1,27.1,33.7,22.1,63.1,0,0,0,,1010.6,9.5,8,2024-09-29T06:47:05,2024-09-29T18:41:58,0.88
2024-09-30,34.1,22,27.2,35.3,22,64.6,0,0,0,,1009.7,15.6,8,2024-09-30T06:47:41,2024-09-30T18:40:42,0.92
2024-10-01,31.5,23.3,26.5,30.9,23.3,57.2,0,0,0,,1010.6,27.3,7,2024-10-01T06:48:18,2024-10-01T18:39:26,0.95
2024-10-02,31.1,17.1,23.7,30.2,17.1,61.6,0,0,0,,1012.6,21.7,8,2024-10-02T06:48:55,2024-10-02T18:38:11,0
2024-10-03,30.6,19,24.4,30.2,19,59.2,0,0,0,,1014.9,5.3,8,2024-10-03T06:49:32,2024-10-03T18:36:57,0.02
2024-10-04,30.7,18.1,23.9,30.3,18.1,61,0,0,0,,1015.1,2.9,8,2024-10-04T06:50:09,2024-10-04T18:35:42,0.05
2024-10-05,32,17.1,23.4,31.3,17.1,65.8,0,0,0,,1013.2,11.7,8,2024-10-05T06:50:47,2024-10-05T18:34:28,0.09
2024-10-06,31.5,18.1,24.3,30.8,18.1,62.2,0,0,0,,1012.4,1.4,8,2024-10-06T06:51:25,2024-10-06T18:33:15,0.12
2024-10-07,32.9,20.1,25.9,33.5,20.1,66.9,0,0,0,,1014.4,0.2,8,2024-10-07T06:52:03,2024-10-07T18:32:02,0.16
2024-10-08,34.6,20.8,27.1,34.9,20.8,66.8,0,0,0,,1016.1,3.5,8,2024-10-08T06:52:42,2024-10-08T18:30:49,0.19
2024-10-09,34.2,20.3,26.8,34.8,20.3,67.8,0,0,0,,1015,4.7,8,2024-10-09T06:53:21,2024-10-09T18:29:37,0.22
2024-10-10,31.9,20.6,25.6,32.2,20.6,68.4,0,0,0,,1013.3,12.6,8,2024-10-10T06:54:00,2024-10-10T18:28:26,0.25
2024-10-11,33.1,20.1,25.6,33.5,20.1,68.1,0,0,0,,1012.3,4.7,8,2024-10-11T06:54:40,2024-10-11T18:27:15,0.29
2024-10-12,33,20.8,25.9,34,20.8,69.6,0,0,0,,1012.6,6.6,8,2024-10-12T06:55:20,2024-10-12T18:26:05,0.33
2024-10-13,35.4,19.3,25.6,35.8,19.3,75.1,0,0,0,,1013.3,14.2,8,2024-10-13T06:56:00,2024-10-13T18:24:56,0.36
2024-10-14,33,20.4,26.1,34.3,20.4,70.8,0.8,100,4.17,rain,1012.8,15.4,7,2024-10-14T06:56:41,2024-10-14T18:23:47,0.39
2024-10-15,31.9,20,25.2,30.8,20,59,0,0,0,,1013.3,2.1,8,2024-10-15T06:57:22,2024-10-15T18:22:39,0.43
2024-10-16,30.9,19.2,24.7,30.6,19.2,63,0,0,0,,1014.6,10.1,7,2024-10-16T06:58:03,2024-10-16T18:21:32,0.46
2024-10-17,31.2,19.9,25.1,31.1,19.9,62.3,0,0,0,rain,1014,25,6,2024-10-17T06:58:45,2024-10-17T18:20:26,0.5
2024-10-18,31.3,19.8,24.7,31.2,19.8,64.1,0,0,0,,1013.5,10.8,7,2024-10-18T06:59:27,2024-10-18T18:19:20,0.53
2024-10-19,30.9,17.8,23.8,30,17.8,57.8,0,0,0,,1016.3,1.4,8,2024-10-19T07:00:10,2024-10-19T18:18:15,0.56
2024-10-20,29.4,19.1,23.9,29,19.1,58.7,0,0,0,,1018.6,6.6,7,2024-10-20T07:00:53,2024-10-20T18:17:12,0.6
2024-10-21,29.1,18.2,22.8,31,18.2,62.2,0,0,0,,1020.1,25.8,7,2024-10-21T07:01:36,2024-10-21T18:16:09,0.63
2024-10-22,28.5,19,23.3,27.7,19,49.5,0,0,0,,1019,26.8,7,2024-10-22T07:02:20,2024-10-22T18:15:07,0.66
2024-10-23,28.4,19.1,23,27.3,19.1,44.1,0,0,0,,1019.3,28.1,7,2024-10-23T07:03:04,2024-10-23T18:14:06,0.7
2024-10-24,28.1,18.9,23,27,18.9,42.8,0,0,0,,1019,17.9,7,2024-10-24T07:03:49,2024-10-24T18:13:06,0.75
2024-10-25,28.6,17.7,22.7,27.7,17.7,46.6,0,0,0,,1016.8,0.6,7,2024-10-25T07:04:34,2024-10-25T18:12:07,0.76
2024-10-26,28.9,17.9,22.8,28,17.9,53.5,0,0,0,,1017,3.6,7,2024-10-26T07:05:20,2024-10-26T18:11:09,0.8
2024-10-27,29.6,18.6,23.3,28.5,18.6,56.8,0,0,0,,1018.7,0.7,7,2024-10-27T07:06:06,2024-10-27T18:10:12,0.83
2024-10-28,29.4,17.8,22.5,28.4,17.8,66.3,0,0,0,,1017.4,8.1,7,2024-10-28T07:06:52,2024-10-28T18:09:17,0.86
2024-10-29,28.1,16.6,21.8,27.4,16.6,64.4,0,0,0,,1015.3,15.5,7,2024-10-29T07:07:39,2024-10-29T18:08:22,0.9
2024-10-30,27.8,15.2,21,27,15.2,61.3,0,0,0,,1013.3,6.6,7,2024-10-30T07:08:26,2024-10-30T18:07:29,0.93
2024-10-31,27.4,15,21.1,27,15,63.1,0,0,0,,1013.3,12.6,6,2024-10-31T07:09:13,2024-10-31T18:06:37,0.96
2024-11-01,27.2,17.1,21.2,27.2,17.1,67.9,0.2,100,8.33,rain,1013.4,21.3,6,2024-11-01T06:10:01,2024-11-01T17:05:46,0
2024-11-02,28.8,16.2,21.3,27.7,16.2,65.8,0.1,100,4.17,rain,1014.2,17.2,7,2024-11-02T06:10:49,2024-11-02T17:04:56,0.03
2024-11-03,27.1,15.7,21.1,26.7,15.7,62.2,0,0,0,,1016,19.8,6,2024-11-03T06:11:38,2024-11-03T17:04:08,0.07
2024-11-04,27.3,16,21.1,27.5,16,69.6,0.3,100,12.5,rain,1017,23.2,6,2024-11-04T06:12:27,2024-11-04T17:03:21,0.1
2024-11-05,26.4,15.3,20.4,26.4,15.3,64.8,0,0,0,,1018.3,17.6,6,2024-11-05T06:13:16,2024-11-05T17:02:36,0.14
2024-11-06,27.2,14.1,20.8,27.1,14.1,66.5,0,0,0,,1018.7,14.7,6,2024-11-06T06:14:06,2024-11-06T17:01:51,0.17
2024-11-07,28.2,19.1,23.2,28.2,19.1,68.1,0,0,0,,1019.7,16.5,6,2024-11-07T06:14:56,2024-11-07T17:01:09,0.2
2024-11-08,27.8,18.4,22.2,27.8,18.4,70,0,0,0,,1019,28.7,6,2024-11-08T06:15:46,2024-11-08T17:00:27,0.24
2024-11-09,27.5,17.6,21.4,27.2,17.6,69.7,0,0,0,rain,1015.2,39,6,2024-11-09T06:16:37,2024-11-09T16:59:47,0.25
2024-11-10,25.6,15.9,20.4,25.6,15.9,68.1,0,0,0,rain,1015.5,28.9,5,2024-11-10T06:17:27,2024-11-10T16:59:09,0.31
2024-11-11,26.2,15.8,20.4,26.2,15.8,64.7,0,0,0,,1019.4,43,6,2024-11-11T06:18:18,2024-11-11T16:58:32,0.34
2024-11-12,26.1,15.7,20.1,26.1,15.7,66.8,0,0,0,,1020.2,20.8,5,2024-11-12T06:19:10,2024-11-12T16:57:57,0.38
2024-11-13,26.6,15.3,20.4,26.6,15.3,66.9,0,0,0,,1021.1,44,6,2024-11-13T06:20:01,2024-11-13T16:57:23,0.41
2024-11-14,27.1,15.4,21,27.1,15.4,71,0,0,0,,1019,54.5,6,2024-11-14T06:20:52,2024-11-14T16:56:50,0.45
2024-11-15,27.6,16.2,21.2,27.1,16.2,68.1,0,0,0,,1016.8,3.7,6,2024-11-15T06:21:44,2024-11-15T16:56:20,0.5
2024-11-16,28.2,15.2,21,27.2,15.2,67.9,0,0,0,,1017.5,4.4,6,2024-11-16T06:22:36,2024-11-16T16:55:51,0.52
2024-11-17,26.6,13.5,19.6,26.6,13.5,66.4,0,0,0,,1014.6,23.2,6,2024-11-17T06:23:28,2024-11-17T16:55:23,0.55
2024-11-18,24.2,15.2,19.9,24.2,15.2,66.3,0.4,100,12.5,rain,1015.5,36,5,2024-11-18T06:24:19,2024-11-18T16:54:57,0.58
2024-11-19,25.3,16.1,19.4,25.3,16.1,76.3,3.5,100,25,rain,1017.8,31.3,5,2024-11-19T06:25:11,2024-11-19T16:54:33,0.61
2024-11-20,25.2,14.4,19.2,25.2,14.4,71.1,0.2,100,8.33,rain,1017.8,21.8,5,2024-11-20T06:26:03,2024-11-20T16:54:10,0.65
2024-11-21,27,13.8,20.2,26.6,13.8,60.9,0,0,0,,1017.8,25.5,6,2024-11-21T06:26:55,2024-11-21T16:53:50,0.68
2024-11-22,28.1,13.5,20,28.1,13.5,60.8,0,0,0,,1018.6,11.3,6,2024-11-22T06:27:47,2024-11-22T16:53:31,0.71
2024-11-23,28.4,15.7,20.5,27.6,15.7,66,0,0,0,,1018.1,18.3,6,2024-11-23T06:28:38,2024-11-23T16:53:13,0.75
2024-11-24,20.3,15.9,17.9,20.3,15.9,59.5,0.2,100,8.33,rain,1018.5,67.2,5,2024-11-24T06:29:29,2024-11-24T16:52:57,0.78
2024-11-25,19.1,15.2,16.7,19.1,15.2,51.1,0,0,0,rain,1018.2,70.9,4,2024-11-25T06:30:21,2024-11-25T16:52:43,0.81
2024-11-26,19,13.6,16.3,19,13.6,47.3,0,0,0,rain,1020.2,69.7,3,2024-11-26T06:31:12,2024-11-26T16:52:31,0.84
2024-11-27,21.4,12.7,17,21.4,12.7,50.5,0,0,0,,1022.4,64.8,4,2024-11-27T06:32:02,2024-11-27T16:52:21,0.87
2024-11-28,22.9,14,18.1,22.9,14,63.3,0,0,0,rain,1022.8,50.9,4,2024-11-28T06:32:52,2024-11-28T16:52:12,0.91
2024-11-29,23.2,12.1,17.3,23.2,12.1,70.6,0,0,0,rain,1022.2,27.1,5,2024-11-29T06:33:42,2024-11-29T16:52:05,0.94
2024-11-30,23.4,13.4,17.7,23.4,13.4,70.1,0.1,100,4.17,rain,1022.8,33.5,4,2024-11-30T06:34:32,2024-11-30T16:52:00,0.97
2024-12-01,23.9,12.5,17.3,23.9,12.5,65.1,0,0,0,,1021,17.3,5,2024-12-01T06:35:21,2024-12-01T16:51:56,0
2024-12-02,23.8,10.9,17.1,23.8,10.9,70.8,0,0,0,,1018.2,29.8,6,2024-12-02T06:36:09,2024-12-02T16:51:55,0.04
2024-12-03,24,11.4,17.5,24,11.4,60.1,0,0,0,,1016.4,7.3,6,2024-12-03T06:36:57,2024-12-03T16:51:55,0.08
2024-12-04,22.8,13.6,17.3,22.8,13.6,69.1,0.2,100,8.33,rain,1017.9,42.6,5,2024-12-04T06:37:45,2024-12-04T16:51:56,0.11
2024-12-05,23.4,12.4,17.4,23.4,12.4,70.7,0,0,0,,1019.5,19.9,5,2024-12-05T06:38:32,2024-12-05T16:52:00,0.15
2024-12-06,25.3,12.8,18.8,25.3,12.8,70.5,0,0,0,,1017.5,50.4,6,2024-12-06T06:39:18,2024-12-06T16:52:05,0.18
2024-12-07,23.9,14.2,18.1,23.9,14.2,71,0,0,0,,1018.5,89.8,5,2024-12-07T06:40:03,2024-12-07T16:52:12,0.22
2024-12-08,24.9,11.9,17.2,24.9,11.9,54.7,0,0,0,,1020.2,2.4,6,2024-12-08T06:40:48,2024-12-08T16:52:21,0.25
2024-12-09,25.2,9.9,17,25.2,9.4,58.2,0,0,0,,1023.3,42.3,6,2024-12-09T06:41:31,2024-12-09T16:52:31,0.29
2024-12-10,24.7,11,17.3,24.7,11,77.1,0,0,0,,1022.2,74.6,5,2024-12-10T06:42:14,2024-12-10T16:52:43,0.32
2024-12-11,23.6,12.3,17.8,23.6,12.3,79.4,0,0,0,,1021.1,89.4,4,2024-12-11T06:42:56,2024-12-11T16:52:57,0.36
2024-12-12,23.5,14.7,18.5,23.5,14.7,72.6,0,0,0,,1020.2,87.5,5,2024-12-12T06:43:37,2024-12-12T16:53:13,0.4
2024-12-13,22.7,14.6,18.3,22.7,14.6,61,0,0,0,,1021.7,25.6,5,2024-12-13T06:44:17,2024-12-13T16:53:30,0.43
2024-12-14,21.7,11.7,16.9,21.7,11.7,59.6,0,0,0,,1025.2,35.2,5,2024-12-14T06:44:57,2024-12-14T16:53:49,0.47
2024-12-15,22,10,15.6,22,9.5,64.2,0,0,0,,1025.6,11.4,6,2024-12-15T06:45:34,2024-12-15T16:54:09,0.5
2024-12-16,22.3,9.3,15.7,22.3,9.3,70.7,0,0,0,,1023.7,17,6,2024-12-16T06:46:11,2024-12-16T16:54:31,0.53
2024-12-17,23,11.6,16.4,23,11.6,69.5,0,0,0,,1024.3,18.7,5,2024-12-17T06:46:47,2024-12-17T16:54:54,0.57
2024-12-18,22.4,11,16.4,22.4,11,69.9,0,0,0,,1020.8,26.2,4,2024-12-18T06:47:21,2024-12-18T16:55:19,0.6
2024-12-19,22.7,12.4,16.7,22.7,12.4,67.3,0.1,100,4.17,rain,1015.3,27.6,5,2024-12-19T06:47:55,2024-12-19T16:55:46,0.63
2024-12-20,21.7,12.6,16.5,21.7,12.6,72.9,0.3,100,12.5,rain,1017.6,35.2,5,2024-12-20T06:48:27,2024-12-20T16:56:14,0.66
2024-12-21,22.5,12.3,16.9,22.5,12.3,65.9,0,0,0,,1021.4,7.6,6,2024-12-21T06:48:57,2024-12-21T16:56:43,0.69
2024-12-22,22.6,11.7,16.6,22.6,11.7,65.1,0,0,0,rain,1019.6,82.5,5,2024-12-22T06:49:27,2024-12-22T16:57:14,0.73
2024-12-23,21.4,12.3,16.1,21.4,12.3,63.2,0,0,0,,1015.1,30,6,2024-12-23T06:49:55,2024-12-23T16:57:46,0.75
2024-12-24,21.4,11.2,15.6,21.4,11.2,53.1,0,0,0,,1016.4,1,6,2024-12-24T06:50:21,2024-12-24T16:58:19,0.79
2024-12-25,21.8,11.3,15.5,21.8,11.3,44.3,0,0,0,,1014.1,4.7,6,2024-12-25T06:50:46,2024-12-25T16:58:54,0.82
2024-12-26,18.8,9.2,13.3,18.8,7.6,41.4,0,0,0,,1016.1,22.7,6,2024-12-26T06:51:10,2024-12-26T16:59:30,0.85
2024-12-27,17.8,9.1,13.3,17.8,7.1,47.9,0,0,0,rain,1015.4,20.7,5,2024-12-27T06:51:32,2024-12-27T17:00:08,0.89
2024-12-28,19.9,10.2,14.1,19.9,10.2,59.9,0,0,0,,1018.5,34.9,6,2024-12-28T06:51:53,2024-12-28T17:00:46,0.92
2024-12-29,20.1,9.6,13.9,20.1,8.3,64.9,0,0,0,rain,1020.4,20.1,6,2024-12-29T06:52:12,2024-12-29T17:01:26,0.95
2024-12-30,17.9,10.7,13.8,17.9,10.7,74.3,0.3,100,12.5,rain,1021.8,35.3,5,2024-12-30T06:52:29,2024-12-30T17:02:06,0.98
2024-12-31,18.8,11.1,14.5,18.8,11.1,71.3,2.2,100,33.33,rain,1024.5,39.4,5,2024-12-31T06:52:45,2024-12-31T17:02:48,0
2025-01-01,20.3,9.8,14.5,20.3,9.2,71.4,0,0,0,rain,1028.1,39.5,5,2025-01-01T06:53:00,2025-01-01T17:03:31,0.05
2025-01-02,21.2,9.2,14.6,21.2,8.1,74,0,0,0,,1027.6,16.5,6,2025-01-02T06:53:12,2025-01-02T17:04:15,0.09
2025-01-03,20.9,8.9,14.7,20.9,7.7,71.9,0,0,0,,1024.4,44.9,6,2025-01-03T06:53:23,2025-01-03T17:04:59,0.12
2025-01-04,20.8,10.9,15.3,20.8,10.9,70.5,0,0,0,,1018.4,90.5,5,2025-01-04T06:53:33,2025-01-04T17:05:45,0.16
2025-01-05,21.6,12.9,16.9,21.6,12.9,75.7,0.4,100,8.33,rain,1012.1,66.5,5,2025-01-05T06:53:41,2025-01-05T17:06:31,0.2
2025-01-06,21.6,13.7,17,21.6,13.7,70.6,0,0,0,rain,1020.5,25.5,5,2025-01-06T06:53:47,2025-01-06T17:07:19,0.23
2025-01-07,21.6,11.4,16.1,21.6,11.4,70.3,0,0,0,rain,1024.2,40.7,4,2025-01-07T06:53:51,2025-01-07T17:08:07,0.25
2025-01-08,22.2,9.7,15.7,22.2,8.9,72.6,0,0,0,,1022.1,20.7,6,2025-01-08T06:53:54,2025-01-08T17:08:55,0.3
2025-01-09,23.2,10.8,16.2,23.2,10.8,70.3,0,0,0,,1016.6,5.3,6,2025-01-09T06:53:55,2025-01-09T17:09:45,0.34
2025-01-10,21.2,8.7,14.7,21.2,8.7,73.9,0.1,100,4.17,rain,1015,15.7,5,2025-01-10T06:53:54,2025-01-10T17:10:35,0.37
2025-01-11,22,12,16.4,22,12,71.3,0,0,0,,1019.6,27.8,5,2025-01-11T06:53:51,2025-01-11T17:11:25,0.41
2025-01-12,23.2,11.1,16.7,23.2,11.1,71.4,0,0,0,,1021.8,5.6,6,2025-01-12T06:53:47,2025-01-12T17:12:16,0.45
2025-01-13,23.9,10.3,16.6,23.9,10.3,69.8,0,0,0,,1021.3,8.1,6,2025-01-13T06:53:41,2025-01-13T17:13:08,0.48
2025-01-14,22.9,10.5,15.9,22.9,10.5,81.2,0,0,0,,1019.1,68.1,6,2025-01-14T06:53:33,2025-01-14T17:14:00,0.5
2025-01-15,21.3,10.3,15.2,21.3,10.3,82.6,0,0,0,,1019.7,81.7,6,2025-01-15T06:53:24,2025-01-15T17:14:52,0.55
2025-01-16,22.5,11.9,16.7,22.5,11.9,77.3,0,0,0,,1024.2,78.9,6,2025-01-16T06:53:13,2025-01-16T17:15:45,0.58
2025-01-17,22,11.7,16.3,22,11.7,75,0,0,0,,1025.5,79.6,6,2025-01-17T06:53:00,2025-01-17T17:16:38,0.61
2025-01-18,21.8,12.3,16.2,21.8,12.3,69.1,0,0,0,,1023,54.8,6,2025-01-18T06:52:46,2025-01-18T17:17:32,0.64
2025-01-19,21.2,10.2,15.4,21.2,10.2,71.1,0,0,0,,1021,90.6,6,2025-01-19T06:52:30,2025-01-19T17:18:25,0.68
2025-01-20,21.7,9.4,15.3,21.7,8.9,77.7,0,0,0,,1020.6,68,6,2025-01-20T06:52:12,2025-01-20T17:19:19,0.71
2025-01-21,22.6,10.7,16.1,22.6,10.7,75,0.3,100,8.33,rain,1021.6,65.9,6,2025-01-21T06:51:52,2025-01-21T17:20:13,0.75
2025-01-22,21.4,12.2,16.5,21.4,12.2,79.2,0.4,100,12.5,rain,1020.7,39.2,6,2025-01-22T06:51:31,2025-01-22T17:21:07,0.77
2025-01-23,20.8,12.1,15.8,20.8,12.1,75.8,0.2,100,8.33,rain,1022.2,19.1,5,2025-01-23T06:51:08,2025-01-23T17:22:01,0.8
2025-01-24,21.7,10.5,15.6,21.7,10.5,70.8,0,0,0,,1022.3,12.5,6,2025-01-24T06:50:44,2025-01-24T17:22:56,0.84
2025-01-25,21.3,10.7,15.6,21.3,10.7,71.3,0,0,0,,1020.6,57.1,5,2025-01-25T06:50:18,2025-01-25T17:23:50,0.87
2025-01-26,22.1,9.4,15.1,22.1,8.7,70.7,0,0,0,,1019.6,8.5,6,2025-01-26T06:49:50,2025-01-26T17:24:44,0.9
2025-01-27,21.9,8.6,15.1,21.9,8.6,76.1,0,0,0,,1020.7,53.3,6,2025-01-27T06:49:21,2025-01-27T17:25:39,0.93
2025-01-28,22.1,11.6,16.4,22.1,11.6,62.5,0,0,0,,1020.3,60.5,6,2025-01-28T06:48:50,2025-01-28T17:26:33,0.96
2025-01-29,21.8,12.9,16.4,21.8,12.9,58.5,0,0,0,,1022.8,25,6,2025-01-29T06:48:18,2025-01-29T17:27:27,0
2025-01-30,23.3,10.5,16.7,23.3,10.5,69.2,0,0,0,,1024.1,15.7,7,2025-01-30T06:47:44,2025-01-30T17:28:21,0.03
2025-01-31,21.6,10.1,15.6,21.6,10.1,67.1,0,0,0,,1024.4,13.3,5,2025-01-31T06:47:09,2025-01-31T17:29:14,0.07
2025-02-01,21.4,10.2,15.7,21.4,10.2,68.8,0,0,0,,1023.8,57.7,5,2025-02-01T06:46:32,2025-02-01T17:30:08,0.1
2025-02-02,21.6,9.6,15.4,21.6,8.7,72.2,0,0,0,,1022.2,90.6,6,2025-02-02T06:45:54,2025-02-02T17:31:02,0.14
2025-02-03,22.1,12.3,16.1,22.1,12.3,73,0,0,0,,1018.5,79.8,6,2025-02-03T06:45:14,2025-02-03T17:31:55,0.17
2025-02-04,21.7,10,15.4,21.7,10,73.1,0,0,0,,1017,25.5,6,2025-02-04T06:44:33,2025-02-04T17:32:48,0.21
2025-02-05,20.7,12.4,15.7,20.7,12.4,65.4,0.1,100,4.17,rain,1015.4,65.4,6,2025-02-05T06:43:50,2025-02-05T17:33:40,0.25
2025-02-06,15.9,12.6,14,15.9,12.6,49.5,0,0,0,,1017.3,89.1,4,2025-02-06T06:43:06,2025-02-06T17:34:33,0.28
2025-02-07,16.6,11.9,14.1,16.6,11.9,52.2,0,0,0,rain,1021.2,81.7,4,2025-02-07T06:42:21,2025-02-07T17:35:25,0.32
2025-02-08,17.1,10.4,13.6,17.1,10.4,54.2,0,0,0,,1022.1,75.9,5,2025-02-08T06:41:35,2025-02-08T17:36:17,0.35
2025-02-09,17.4,11.3,13.7,17.4,11.3,63,0.2,100,8.33,rain,1019.4,48.5,5,2025-02-09T06:40:47,2025-02-09T17:37:08,0.39
2025-02-10,17.6,10.5,13.6,17.6,10.5,65.4,0.2,100,8.33,rain,1018.6,43.2,5,2025-02-10T06:39:58,2025-02-10T17:38:00,0.42
2025-02-11,18.9,10.1,14,18.9,10.1,62,0,0,0,rain,1019.8,31.4,7,2025-02-11T06:39:07,2025-02-11T17:38:50,0.46
2025-02-12,17.8,9.9,13.6,17.8,9,59.8,0,0,0,rain,1022.3,30.1,7,2025-02-12T06:38:16,2025-02-12T17:39:41,0.5
2025-02-13,19,8.9,13.4,19,7.5,56.3,0,0,0,,1024.2,31.9,7,2025-02-13T06:37:23,2025-02-13T17:40:31,0.53
2025-02-14,20.1,7.6,13.2,20.1,6.9,62.6,0,0,0,,1021.9,32.9,8,2025-02-14T06:36:29,2025-02-14T17:41:21,0.56
2025-02-15,20.5,7.4,14,20.5,5.8,67.9,0,0,0,,1015.7,17.5,8,2025-02-15T06:35:35,2025-02-15T17:42:10,0.59
2025-02-16,21.4,10.5,15.4,21.4,10.5,65.8,0.1,100,4.17,rain,1015.6,11,7,2025-02-16T06:34:39,2025-02-16T17:42:59,0.62
2025-02-17,22.8,9.4,16,22.8,8.7,62.3,0,0,0,,1016.6,12.2,7,2025-02-17T06:33:41,2025-02-17T17:43:48,0.66
2025-02-18,23.3,9.5,16.1,23.3,8.6,55.6,0,0,0,,1017.7,48.5,7,2025-02-18T06:32:43,2025-02-18T17:44:36,0.69
2025-02-19,21.1,11.2,16,21.1,11.2,71.5,0,0,0,,1017.2,59,6,2025-02-19T06:31:44,2025-02-19T17:45:24,0.72
2025-02-20,19,13.4,15.5,19,13.4,62.5,0,0,0,rain,1018.9,52.9,6,2025-02-20T06:30:44,2025-02-20T17:46:12,0.75
2025-02-21,17.4,10.6,14.3,17.4,10.6,48.9,0,0,0,rain,1020.8,65.8,4,2025-02-21T06:29:43,2025-02-21T17:46:59,0.79
2025-02-22,16.6,10.4,13.2,16.6,10.4,51.5,0,0,0,rain,1021.6,58,5,2025-02-22T06:28:41,2025-02-22T17:47:45,0.82
2025-02-23,15.5,8.9,12.1,15.5,8.2,51.3,0,0,0,,1025,68,6,2025-02-23T06:27:39,2025-02-23T17:48:32,0.85
2025-02-24,15.2,7.6,10.9,15.2,6.6,62.4,0.4,100,16.67,rain,1026.7,50.9,5,2025-02-24T06:26:35,2025-02-24T17:49:18,0.88
2025-02-25,16.2,6.3,10.8,16.2,5.7,62.4,0,0,0,,1025.9,55.8,6,2025-02-25T06:25:31,2025-02-25T17:50:03,0.92
2025-02-26,19,5.5,12.3,19,3.9,58.5,0,0,0,,1023.4,59.1,8,2025-02-26T06:24:26,2025-02-26T17:50:49,0.95
2025-02-27,20.3,8.1,13.9,20.3,6.6,60.8,0,0,0,,1023.9,0.3,8,2025-02-27T06:23:20,2025-02-27T17:51:33,0.98
2025-02-28,21.6,8,14.6,21.6,7.1,58.2,0,0,0,,1020.8,14.1,8,2025-02-28T06:22:13,2025-02-28T17:52:18,0
2025-03-01,20.3,10.1,14.9,20.3,10.1,68.7,0,0,0,rain,1021.6,25.1,5,2025-03-01T06:21:06,2025-03-01T17:53:02,0.05
2025-03-02,21.8,10.5,16,21.8,10.5,66.5,0,0,0,,1021.9,48.6,8,2025-03-02T06:19:58,2025-03-02T17:53:46,0.08
2025-03-03,21.6,11.2,15.9,21.6,11.2,73.4,0,0,0,,1014.9,93.3,6,2025-03-03T06:18:49,2025-03-03T17:54:29,0.12
2025-03-04,20.9,11.8,15.8,20.9,11.8,68.6,0,0,0,rain,1011.9,46.7,6,2025-03-04T06:17:40,2025-03-04T17:55:13,0.15
2025-03-05,22.1,12.2,16.6,22.1,12.2,68.6,0.1,100,4.17,rain,1015.2,34,6,2025-03-05T06:16:30,2025-03-05T17:55:55,0.19
2025-03-06,22.3,10.8,16,22.3,10.8,76.9,1.8,100,16.67,rain,1017,23.9,7,2025-03-06T06:15:20,2025-03-06T17:56:38,0.25
2025-03-07,22.9,12.5,17.1,22.9,12.5,68.6,0,0,0,,1016.3,18.2,7,2025-03-07T06:14:09,2025-03-07T17:57:20,0.26
2025-03-08,24.3,13.4,18.1,24.3,13.4,67,0,0,0,,1014.5,35.2,8,2025-03-08T06:12:57,2025-03-08T17:58:02,0.29
2025-03-09,23.2,11.4,17.4,23.2,11.4,65.3,0.3,100,4.17,rain,1015.4,38,6,2025-03-09T06:11:46,2025-03-09T17:58:44,0.33
2025-03-10,25.7,12.6,18.1,25.7,12.6,66.7,0,0,0,,1018.6,7.4,8,2025-03-10T06:10:34,2025-03-10T17:59:25,0.36
2025-03-11,25.4,12.3,17.9,25.4,12.3,69.7,0,0,0,,1020.5,0,9,2025-03-11T06:09:21,2025-03-11T18:00:06,0.4
2025-03-12,26.7,11.4,18.5,26.7,11.4,76.1,0,0,0,,1018.1,5.4,9,2025-03-12T06:08:08,2025-03-12T18:00:47,0.43
2025-03-13,30.1,14.4,21,28.9,14.4,67.7,0,0,0,,1014,53.4,9,2025-03-13T06:06:55,2025-03-13T18:01:28,0.47
2025-03-14,31,13.7,21.8,29.3,13.7,60.9,0,0,0,,1016,2.1,9,2025-03-14T06:05:41,2025-03-14T18:02:09,0.5
2025-03-15,29.6,14.1,21,28.4,14.1,66.3,0,0,0,,1018.7,0,9,2025-03-15T06:04:27,2025-03-15T18:02:49,0.54
2025-03-16,31.2,14.1,21.6,30.4,14.1,65.4,0,0,0,,1016.8,0,9,2025-03-16T06:03:13,2025-03-16T18:03:29,0.57
2025-03-17,33.5,14.5,23.2,32,14.5,61.9,0,0,0,,1012.3,43.5,9,2025-03-17T06:01:59,2025-03-17T18:04:09,0.6
2025-03-18,26,16.9,20.7,26,16.9,66.3,0,0,0,,1012.7,20.6,9,2025-03-18T06:00:44,2025-03-18T18:04:49,0.64
2025-03-19,24.3,15,18.5,24.3,15,59.2,0.1,100,4.17,rain,1016.7,50.8,7,2025-03-19T05:59:30,2025-03-19T18:05:28,0.67
2025-03-20,17.4,13.6,15.1,17.4,13.6,47.6,0,0,0,,1019.7,89.7,6,2025-03-20T05:58:15,2025-03-20T18:06:08,0.7
2025-03-21,19.2,12.1,14.9,19.2,12.1,52.1,0.3,100,12.5,rain,1020.8,68.5,5,2025-03-21T05:57:00,2025-03-21T18:06:47,0.73
2025-03-22,19.2,10.5,15.2,19.2,10.5,51.9,0,0,0,rain,1022.4,45.4,5,2025-03-22T05:55:45,2025-03-22T18:07:26,0.75
2025-03-23,21.9,8.3,15.3,21.9,7,56.2,0,0,0,,1026.4,2.8,9,2025-03-23T05:54:30,2025-03-23T18:08:05,0.8
2025-03-24,23.5,10.4,16.9,23.5,10.4,66.7,0,0,0,,1027.3,0.9,9,2025-03-24T05:53:15,2025-03-24T18:08:44,0.83
2025-03-25,27.3,12.9,19.1,26.8,12.9,70.5,0,0,0,,1022.9,0,9,2025-03-25T05:52:00,2025-03-25T18:09:23,0.87
2025-03-26,29.1,13.9,20.7,28.5,13.9,70.8,0,0,0,,1015.2,42.6,9,2025-03-26T05:50:45,2025-03-26T18:10:02,0.9
2025-03-27,34,16.2,24,32.4,16.2,59.5,0,0,0,,1008.6,64.7,8,2025-03-27T05:49:30,2025-03-27T18:10:40,0.93
2025-03-28,27.6,17.7,22.9,27.4,17.7,51.1,0,0,0,,1007.7,42,9,2025-03-28T05:48:15,2025-03-28T18:11:19,0.97
2025-03-29,25.1,14,19.4,25.1,14,60.7,0,0,0,,1011.7,25.9,9,2025-03-29T05:47:01,2025-03-29T18:11:58,0
2025-03-30,26.4,12,19.7,26.4,12,54.5,0,0,0,,1010.5,5.1,9,2025-03-30T05:45:46,2025-03-30T18:12:36,0.03
2025-03-31,30.6,15.8,23.3,28.6,15.8,28.3,0,0,0,,1008.3,31.6,9,2025-03-31T05:44:32,2025-03-31T18:13:15,0.07
2025-04-01,26.8,15.2,22.2,26.3,15.2,40.6,0,0,0,,1005.5,58.7,5,2025-04-01T05:43:18,2025-04-01T18:13:53,0.1
2025-04-02,28.1,14,20.8,26.9,14,49.2,0,0,0,,1013.1,2.3,9,2025-04-02T05:42:04,2025-04-02T18:14:32,0.14
2025-04-03,27.1,12.8,19.6,26.6,12.8,62.9,0,0,0,,1015.6,7.7,9,2025-04-03T05:40:50,2025-04-03T18:15:11,0.17
2025-04-04,24.1,12.6,18.2,24.1,12.6,67.7,0,0,0,,1014.5,28.8,7,2025-04-04T05:39:37,2025-04-04T18:15:49,0.2
2025-04-05,27.1,11.7,19.7,26.6,11.7,62.9,0,0,0,,1011.9,2.8,9,2025-04-05T05:38:24,2025-04-05T18:16:28,0.25
2025-04-06,26.7,15.8,20.3,26.7,15.8,64.7,0,0,0,,1009,38.6,9,2025-04-06T05:37:11,2025-04-06T18:17:06,0.27
2025-04-07,27.5,14,20.2,27,14,63.9,0,0,0,,1012.9,61,9,2025-04-07T05:35:59,2025-04-07T18:17:45,0.31
2025-04-08,32,16.5,21.8,30.5,16.5,64.8,0,0,0,,1009.6,54.8,9,2025-04-08T05:34:47,2025-04-08T18:18:24,0.34
2025-04-09,25.2,16.2,19.8,25.2,16.2,68.2,0,0,0,,1014.8,22.1,9,2025-04-09T05:33:36,2025-04-09T18:19:03,0.38
2025-04-10,21,15.2,17.7,21,15.2,52.7,0,0,0,rain,1017.9,42.2,9,2025-04-10T05:32:25,2025-04-10T18:19:42,0.41
2025-04-11,20.7,14.9,17.4,20.7,14.9,49.3,0.5,100,8.33,rain,1015.1,50.5,5,2025-04-11T05:31:14,2025-04-11T18:20:21,0.45
2025-04-12,23,13.2,17.3,23,13.2,57.6,0,0,0,,1015,34.7,7,2025-04-12T05:30:04,2025-04-12T18:21:00,0.48
2025-04-13,22.2,11.7,17.1,22.2,11.7,59.1,0.7,100,16.67,rain,1015.4,43.3,7,2025-04-13T05:28:55,2025-04-13T18:21:39,0.5
2025-04-14,23.9,13.7,18.3,23.9,13.7,57.2,0,0,0,,1019.5,16.5,9,2025-04-14T05:27:46,2025-04-14T18:22:18,0.55
2025-04-15,24.6,14.2,19.1,24.6,14.2,55.6,0,0,0,,1019.9,64,9,2025-04-15T05:26:37,2025-04-15T18:22:57,0.58
2025-04-16,24.8,12.1,18.7,24.8,12.1,59.1,0,0,0,,1020.2,4.4,10,2025-04-16T05:25:30,2025-04-16T18:23:37,0.61
2025-04-17,27.4,13.1,19.8,26.7,13.1,65.2,0,0,0,,1017.7,31.3,10,2025-04-17T05:24:22,2025-04-17T18:24:16,0.65
2025-04-18,28.4,14.3,20.7,27.4,14.3,64.4,0,0,0,,1015.1,49.3,10,2025-04-18T05:23:16,2025-04-18T18:24:56,0.68
2025-04-19,29.8,12.9,21.1,28.1,12.9,60.7,0,0,0,,1013.8,7.2,10,2025-04-19T05:22:10,2025-04-19T18:25:35,0.72
2025-04-20,30.2,13.9,21.6,29.1,13.9,67.3,0,0,0,,1012.5,23.8,10,2025-04-20T05:21:05,2025-04-20T18:26:15,0.75
2025-04-21,31.2,14.3,22.5,30,14.3,61.4,0,0,0,,1010.5,55.2,9,2025-04-21T05:20:01,2025-04-21T18:26:55,0.75
2025-04-22,35.7,21.9,27,35.1,21.9,41.9,0,0,0,,1008.9,31,9,2025-04-22T05:18:58,2025-04-22T18:27:35,0.82
2025-04-23,28.6,19.3,24.6,28.5,19.3,51,0,0,0,,1009.4,87.3,8,2025-04-23T05:17:55,2025-04-23T18:28:15,0.85
2025-04-24,25.7,16.8,20.9,25.7,16.8,73.2,0,0,0,,1011.5,77.7,7,2025-04-24T05:16:53,2025-04-24T18:28:55,0.89
2025-04-25,26.9,15.2,20.4,26.7,15.2,68.8,0,0,0,,1012.8,10,9,2025-04-25T06:15:52,2025-04-25T19:29:36,0.92
2025-04-26,26.5,14.9,20.5,26.5,14.9,64.9,0,0,0,,1013.2,26.8,10,2025-04-26T06:14:52,2025-04-26T19:30:16,0.95
2025-04-27,27.1,14.4,20.2,26.7,14.4,65.6,0,0,0,,1013.6,15,10,2025-04-27T06:13:53,2025-04-27T19:30:56,0
2025-04-28,26.9,14,20.7,26.7,14,64.8,0,0,0,,1013.1,2.8,10,2025-04-28T06:12:54,2025-04-28T19:31:37,0.02
2025-04-29,28.2,15.9,21.3,27.6,15.9,61.5,0,0,0,,1011.7,32.8,8,2025-04-29T06:11:57,2025-04-29T19:32:17,0.05
2025-04-30,27.7,17.1,21,27.6,17.1,65.5,0,0,0,,1007,28.4,9,2025-04-30T06:11:01,2025-04-30T19:32:58,0.09
2025-05-01,27.1,13.4,20.1,26.7,13.4,60.6,0,0,0,,1011.1,31,10,2025-05-01T06:10:05,2025-05-01T19:33:39,0.12
2025-05-02,26.5,12.8,19.7,26.5,12.8,59.4,0,0,0,,1011.6,40.1,10,2025-05-02T06:09:11,2025-05-02T19:34:19,0.15
2025-05-03,24.5,14.6,19,24.5,14.6,70.3,2.1,100,25,rain,1012.2,58.9,8,2025-05-03T06:08:18,2025-05-03T19:35:00,0.19
2025-05-04,24.4,13.5,18.9,24.4,13.5,71.8,0.6,100,16.67,rain,1013.2,45.6,9,2025-05-04T06:07:25,2025-05-04T19:35:41,0.25
2025-05-05,29.3,14,21.3,27.9,14,60.4,0,0,0,,1015.4,27.4,10,2025-05-05T06:06:34,2025-05-05T19:36:22,0.25
2025-05-06,31.7,13.6,22.4,29.6,13.6,54.7,0,0,0,,1017.3,33,9,2025-05-06T06:05:44,2025-05-06T19:37:03,0.29
2025-05-07,32.8,15,23.4,31,15,56.5,0,0,0,,1016.8,2.6,10,2025-05-07T06:04:55,2025-05-07T19:37:43,0.32
2025-05-08,33.9,15.2,24.1,31.8,15.2,52.4,0,0,0,,1013.9,0,10,2025-05-08T06:04:08,2025-05-08T19:38:24,0.35
2025-05-09,36.9,16.3,25.9,34.6,16.3,47.8,0,0,0,,1013.4,3.9,10,2025-05-09T06:03:21,2025-05-09T19:39:05,0.39
2025-05-10,38,16.8,26.9,35.6,16.8,48.1,0,0,0,,1013.2,8.5,10,2025-05-10T06:02:36,2025-05-10T19:39:45,0.42
2025-05-11,40.9,18.5,29.5,37.8,18.5,36.1,0,0,0,,1008.7,41.1,10,2025-05-11T06:01:52,2025-05-11T19:40:26,0.46
2025-05-12,32.5,17.4,23.9,30.3,17.4,56.8,0,0,0,,1008.8,33.8,9,2025-05-12T06:01:09,2025-05-12T19:41:06,0.5
2025-05-13,33.8,16.8,23.7,32,16.8,56.8,0,0,0,,1008.6,3,9,2025-05-13T06:00:27,2025-05-13T19:41:46,0.52
2025-05-14,26.7,15.6,20.4,26.7,15.6,57.3,0,0,0,,1014,55.6,9,2025-05-14T05:59:47,2025-05-14T19:42:26,0.56
2025-05-15,30.5,13.3,21.4,28.5,13.3,46.6,0,0,0,,1015.9,48.8,10,2025-05-15T05:59:08,2025-05-15T19:43:06,0.59
2025-05-16,36.2,16.5,25.4,33.4,16.5,37,0,0,0,,1013.8,47.1,9,2025-05-16T05:58:30,2025-05-16T19:43:46,0.63
2025-05-17,44.8,21.2,30.7,44.8,21.2,28.5,0,0,0,,1009.2,79.6,8,2025-05-17T05:57:54,2025-05-17T19:44:25,0.66
2025-05-18,34.8,20.1,26.8,32.6,20.1,40.7,0,0,0,,1013,79.8,9,2025-05-18T05:57:19,2025-05-18T19:45:05,0.7
2025-05-19,33.3,17.7,24.6,31,17.7,45,0,0,0,,1015.3,78.3,9,2025-05-19T05:56:45,2025-05-19T19:45:44,0.73
2025-05-20,35.6,17.3,25.6,32.9,17.3,36,0,3.2,0,,1014.3,76.4,9,2025-05-20T05:56:13,2025-05-20T19:46:22,0.75
2025-05-21,36.8,17.7,26.3,34.2,17.7,34.8,0,3.2,0,,1013,18.8,10,2025-05-21T05:55:42,2025-05-21T19:47:00,0.8
2025-05-22,26,20.4,22.9,0,0,70.9,0,0,0,,1013.7,9.4,,2025-05-22T05:55:12,2025-05-22T19:47:38,0.84
